nombre_ejercicio,otros_nombres,tipo_ejercicio,grupo_muscular_principal,grupo_muscular_secundario,localizacion,url_video,descripcion,imagen,equipamiento,nivel,patron_movimiento,series_recomendadas
Gato-camello,"Cat-cow, Gato-vaca",Movilidad,Lumbares,"Espalda, Core",Ambos,https://player.mediadelivery.net/play/713982/cb1b8b06-4762-41c5-a900-3d56d83f1ad4,"1. Colócate en cuadrupedia con la columna neutra.
2. Arquea la espalda hacia arriba llevando la barbilla al pecho (postura de gato).
3. Invierte el movimiento hundiendo el abdomen y levantando la mirada (postura de vaca).
4. Alterna entre ambas posiciones de forma lenta, siguiendo la respiración.

⚠️ Errores comunes
* Mover solo la zona lumbar sin implicar toda la columna.
* Ir demasiado rápido.
* Forzar el rango con dolor.
* Aguantar la respiración.",gato-camello.png,Peso corporal,Principiante,Movilidad / control motor,2 series de 10 repeticiones
Estiramiento de isquiotibiales,"Hamstring stretch, Estiramiento de femorales",Movilidad,Femorales / isquiosurales,Lumbares,Ambos,https://player.mediadelivery.net/play/713982/cf02e120-4c9b-4b82-82ed-ca11ac50db85,"1. Extiende una pierna al frente con el talón apoyado y la punta hacia arriba.
2. Mantén la espalda recta.
3. Inclina el torso hacia delante desde la cadera, no desde la espalda.
4. Mantén el estiramiento 20-30 segundos sin rebotar. Repite con la otra pierna.

⚠️ Errores comunes
* Redondear la espalda en vez de doblarse por la cadera.
* Rebotar para forzar el estiramiento.
* Bloquear la rodilla con fuerza excesiva.
* Forzar hasta sentir dolor agudo.",estiramiento-de-isquiotibiales.png,Peso corporal,Principiante,Movilidad / control motor,30 seg de trabajo por lado
Curl concentrado,"Concentration curl, Curl concentrado sentado",Aislamiento,Bíceps,,Casa,https://player.mediadelivery.net/play/713982/6cba27a9-897b-405d-a8aa-da8af38eb81b,"1. Siéntate en el borde del banco con las piernas separadas.
2. Apoya el codo del brazo de trabajo contra la cara interna del muslo.
3. Flexiona el codo elevando la mancuerna hacia el hombro.
4. Baja controlado hasta extender el brazo. Repite y cambia de lado.

⚠️ Errores comunes
* Despegar el codo del muslo.
* Usar impulso del torso.
* No extender del todo abajo.
* Girar la muñeca en exceso.",curl-concentrado.png,"Mancuernas, Banco",Principiante,Flexión de codo,"3 series de 10 repeticiones, 60 seg de descanso"
Movilidad de tobillo (dorsiflexión en pared),"Ankle mobility, Dorsiflexión de tobillo, Knee-to-wall",Movilidad,Gemelos,Tibial anterior,Ambos,https://player.mediadelivery.net/play/713982/d6bd0e9e-23f2-4acc-8259-a29e2fe0ad9d,"1. Colócate frente a la pared con un pie a poca distancia.
2. Lleva la rodilla hacia delante hacia la pared sin despegar el talón.
3. Mantén el estiramiento un momento.
4. Vuelve y repite, alejando progresivamente el pie de la pared según mejore el rango.

⚠️ Errores comunes
* Despegar el talón del suelo (invalida el ejercicio).
* Rotar el pie hacia fuera para compensar.
* Forzar con dolor agudo.",movilidad-de-tobillo-dorsiflexion-en-pared.png,Peso corporal,Principiante,Dorsiflexión,2-3 series de 8-10 repeticiones por lado
Jalón al pecho con agarre neutro,"Neutral-grip pulldown, Jalón agarre neutro",Compuesto,Espalda,Bíceps,Gimnasio,https://player.mediadelivery.net/play/713982/e46cbb68-0dbd-4614-b088-ffde7ee3caa9,"1. Fija los muslos y sujeta el agarre neutro con las palmas enfrentadas.
2. Saca pecho y tira hacia la parte alta del pecho llevando los codos abajo y pegados al cuerpo.
3. Aprieta las escápulas al final.
4. Sube controlado. Repite.

⚠️ Errores comunes
* Tirar hacia atrás con el torso en vez de con los brazos.
* Encoger los hombros.
* Recorrido corto.",jalon-al-pecho-con-agarre-neutro.png,"Polea, Cable, Máquina",Principiante,Tirón vertical,"3 series de 10 repeticiones, 60 seg de descanso"
Press de banca con agarre cerrado,"Close-grip bench press, Press cerrado",Compuesto,Tríceps,"Pecho, Hombros",Ambos,https://player.mediadelivery.net/play/713982/a3dfd5fe-5082-43ac-89ed-208665b56a3b,"1. Túmbate en el banco y sujeta la barra con agarre estrecho, a la anchura de los hombros.
2. Saca la barra del rack con los brazos extendidos.
3. Baja controlada manteniendo los codos pegados al torso.
4. Empuja hacia arriba hasta extender los brazos. Repite.

⚠️ Errores comunes
* Agarre demasiado estrecho (fuerza la muñeca).
* Abrir los codos como en el press estándar.
* Rebotar la barra en el pecho.
* Muñecas flexionadas hacia atrás.",press-de-banca-con-agarre-cerrado.png,"Barra, Banco, Disco",Intermedio,Empuje horizontal,"3 series de 10 repeticiones, 60 seg de descanso"
Jalón al pecho con agarre supino,"Underhand pulldown, Jalón agarre supino, Chin-up pulldown",Compuesto,Espalda,Bíceps,Gimnasio,https://player.mediadelivery.net/play/713982/cef1b0ef-fe1a-46e6-a3b1-cfbc9d430336,"1. Fija los muslos y sujeta la barra con agarre supino a la anchura de los hombros.
2. Tira hacia la parte alta del pecho llevando los codos abajo.
3. Aprieta las escápulas al final.
4. Sube controlado. Repite.

⚠️ Errores comunes
* Tirar con demasiado impulso del torso.
* Dejar que el bíceps haga todo el trabajo sin activar la espalda.
* Recorrido corto.",,"Polea, Cable, Máquina",Principiante,Tirón vertical,"3 series de 10 repeticiones, 60 seg de descanso"
Curl femoral sentado,"Seated leg curl, Curl femoral en máquina sentado",Aislamiento,Femorales / isquiosurales,Gemelos,Gimnasio,https://player.mediadelivery.net/play/713982/16aabf33-fd56-4f04-8112-c1def7e85ce8,"1. Siéntate y ajusta el respaldo y el rodillo sobre las espinillas.
2. Sujeta los agarres laterales si los hay.
3. Flexiona las rodillas llevando el rodillo hacia abajo.
4. Extiende controlado de vuelta. Repite.

⚠️ Errores comunes
* Usar impulso con la cadera.
* Recorrido corto.
* Despegar la espalda del respaldo.
* Bajar el peso sin control.",curl-femoral-sentado.png,Máquina,Principiante,Flexión de rodilla,"3 series de 10 repeticiones, 60 seg de descanso"
Jalón al pecho con agarre cerrado,"Close-grip pulldown, Jalón agarre cerrado (V-bar)",Compuesto,Espalda,Bíceps,Gimnasio,https://player.mediadelivery.net/play/713982/32ddfde4-3c0b-4a4e-8a53-8bb534e7e035,"1. Fija los muslos y sujeta el agarre en V con las manos juntas.
2. Tira hacia la parte alta del pecho llevando los codos abajo y pegados al cuerpo.
3. Aprieta las escápulas al final del recorrido.
4. Sube controlado. Repite.

⚠️ Errores comunes
* Tirar con impulso del torso.
* Encoger los hombros.
* Recorrido corto sin extender arriba.",jalon-al-pecho-con-agarre-cerrado.png,"Polea, Cable, Máquina",Principiante,Tirón vertical,"3 series de 10 repeticiones, 60 seg de descanso"
Curl de bíceps con barra Z,"EZ bar curl, Curl con barra Z",Aislamiento,Bíceps,Antebrazos,Ambos,https://player.mediadelivery.net/play/713982/9a8b3fe1-3c43-44c7-9879-4ab41ef631ae,"1. De pie, sujeta la barra Z por los ángulos que prefieras.
2. Mantén los codos pegados al torso.
3. Flexiona los codos subiendo la barra hacia los hombros.
4. Baja controlado hasta extender los brazos. Repite.

⚠️ Errores comunes
* Balancear el torso para subir el peso.
* Adelantar los codos al subir.
* No extender del todo abajo.
* Agarre demasiado ancho o estrecho que fuerza la muñeca.",curl-de-biceps-con-barra-z.jpg,Barra,Principiante,Flexión de codo,"3 series de 10 repeticiones, 60 seg de descanso"
Elevación de gemelos sentado,"Seated calf raise, Gemelo sentado",Aislamiento,Gemelos,,Gimnasio,https://player.mediadelivery.net/play/713982/078c3bfd-3b89-4cd6-9652-0517ba51c19b,"1. Siéntate con las rodillas bajo el soporte acolchado y las puntas de los pies en la plataforma.
2. Sube de puntillas elevando los talones al máximo.
3. Aprieta arriba un instante.
4. Baja los talones por debajo de la plataforma para estirar. Repite.

⚠️ Errores comunes
* Recorrido corto sin estirar ni contraer del todo.
* Rebotar con impulso.
* Colocar mal las rodillas bajo el soporte.",elevacion-de-gemelos-sentado.jpg,Máquina,Principiante,Flexión plantar,"3 series de 10 repeticiones, 60 seg de descanso"
Curl inverso (agarre prono),"Reverse curl, Curl con agarre prono",Aislamiento,Antebrazos,Bíceps,Ambos,https://player.mediadelivery.net/play/713982/696707a0-0e4d-4fd5-abfa-75d5851f13f2,"1. De pie, sujeta la barra con agarre prono a la anchura de los hombros.
2. Mantén los codos pegados al torso.
3. Flexiona los codos subiendo la barra sin girar las muñecas.
4. Baja controlado hasta extender los brazos. Repite.

⚠️ Errores comunes
* Girar las muñecas hacia supino durante la subida.
* Balancear el torso.
* Usar demasiado peso (el agarre prono permite mucha menos carga que el supino).",curl-inverso-agarre-prono.png,Barra,Intermedio,Flexión de codo,"3 series de 10 repeticiones, 60 seg de descanso"
Curl de bíceps en polea,"Cable curl, Curl en polea baja",Aislamiento,Bíceps,Antebrazos,Gimnasio,https://player.mediadelivery.net/play/713982/cdd65882-168f-4bed-a417-421561d190aa,"1. De pie frente a la polea baja, sujeta el agarre con las palmas hacia arriba.
2. Mantén los codos pegados al torso.
3. Flexiona los codos subiendo el agarre hacia los hombros.
4. Baja controlado hasta extender los brazos. Repite.

⚠️ Errores comunes
* Alejarse demasiado o poco de la polea.
* Balancear el torso.
* Adelantar los codos.
* Soltar el peso de golpe al bajar.",curl-de-biceps-en-polea.png,"Polea, Cable",Principiante,Flexión de codo,"3 series de 10 repeticiones, 60 seg de descanso"
Sentadilla con jumping jack (squat jacks),"Squat jacks, Sentadilla con salto de tijera",Cardio,Cuerpo completo,"Cuádriceps, Glúteos",Ambos,https://player.mediadelivery.net/play/713982/e83ed88b-d456-4777-badc-94e8e87eab49,"1. Parte de pie con los pies juntos.
2. Salta abriendo las piernas mientras bajas en sentadilla y subes los brazos.
3. Salta de vuelta juntando los pies y bajando los brazos.
4. Repite de forma continua y rítmica.

⚠️ Errores comunes
* No bajar lo suficiente en la sentadilla.
* Aterrizar rígido.
* Perder el ritmo entre el salto y la sentadilla.
* Rodillas hacia dentro al aterrizar.",sentadilla-con-jumping-jack-squat-jacks.jpg,Peso corporal,Intermedio,Metabólico / cuerpo completo,"8-10 rondas de 30 seg de trabajo, 30 seg de descanso"
Flexiones con rodillas apoyadas,"Knee push-up, Flexiones de rodillas",Compuesto,Pecho,"Tríceps, Hombros",Ambos,https://player.mediadelivery.net/play/713982/47e4d7b8-2cc8-43db-96c4-919e64b0b574,"1. Apóyate sobre las rodillas y las manos, algo más anchas que los hombros.
2. Mantén el cuerpo en línea recta desde la cabeza a las rodillas.
3. Baja el pecho hacia el suelo flexionando los codos a 45°.
4. Empuja de vuelta arriba. Repite.

⚠️ Errores comunes
* Doblar la cadera en vez de mantener la línea recta (cadera hacia arriba).
* Abrir los codos a 90°.
* Bajar poco recorrido.
* Apoyar las rodillas demasiado adelantadas o atrasadas.",flexiones-con-rodillas-apoyadas.png,Peso corporal,Principiante,Empuje horizontal,"3 series de 10 repeticiones, 60 seg de descanso"
Fondos de tríceps asistidos en máquina,"Assisted dip machine, Fondos asistidos",Aislamiento,Tríceps,"Pecho, Hombros",Gimnasio,https://player.mediadelivery.net/play/713982/42c7bb56-6105-4ea8-910d-c9a988b210d5,"1. Ajusta el contrapeso de la máquina según el nivel.
2. Sube a la plataforma y sujeta los agarres con los brazos extendidos.
3. Baja flexionando los codos hasta ~90°.
4. Empuja de vuelta arriba. Repite.

⚠️ Errores comunes
* Elegir un contrapeso que asiste demasiado (pierde estímulo).
* Bajar demasiado forzando el hombro.
* Encoger los hombros.
* Usar impulso.",fondos-de-triceps-asistidos-en-maquina.png,Máquina,Principiante,Extensión de codo,"3 series de 10 repeticiones, 60 seg de descanso"
Correr al aire libre (trote),"Outdoor running, Trote al aire libre, Jogging",Cardio,Cuerpo completo,"Cuádriceps, Gemelos",Exterior,https://player.mediadelivery.net/play/713982/eac9df62-7937-4913-a1fd-47cac71f2179,"1. Empieza caminando y aumenta el ritmo de forma progresiva.
2. Mantén una zancada natural, sin forzar el paso.
3. Adapta el ritmo al terreno (asfalto, tierra, cuesta).
4. Reduce el ritmo de forma progresiva al terminar.

⚠️ Errores comunes
* Empezar demasiado rápido sin calentar.
* Zancada excesivamente larga.
* Ignorar el terreno irregular.
* No hidratarse en sesiones largas.",correr-al-aire-libre-trote.png,Peso corporal,Principiante,Metabólico / cuerpo completo,Continuo: 20-30 min a ritmo constante
Saltos laterales (skater jumps),"Skater jumps, Saltos de patinador",Cardio,Cuerpo completo,"Cuádriceps, Glúteos",Ambos,https://player.mediadelivery.net/play/713982/c1ab0d46-0677-4d60-967e-7d4da3df0d9e,"1. Parte de pie sobre una pierna con ligera flexión de rodilla.
2. Salta lateralmente hacia el otro lado.
3. Aterriza suave sobre la pierna contraria, con la otra pierna cruzando detrás para el equilibrio.
4. Repite alternando de lado de forma continua.

⚠️ Errores comunes
* Aterrizar con la rodilla rígida.
* Saltar muy poca distancia (pierde el estímulo).
* Perder el equilibrio al aterrizar.
* Mirar hacia abajo en vez de al frente.",saltos-laterales-skater-jumps.png,Peso corporal,Intermedio,Metabólico / cuerpo completo,"8-10 rondas de 30 seg de trabajo, 30 seg de descanso"
Zancada con apoyo (asistida),"Assisted lunge, Zancada asistida",Compuesto,Cuádriceps,Glúteos,Ambos,https://player.mediadelivery.net/play/713982/aee9f118-f660-4ba2-8e6e-498ebb589fa4,"1. Colócate junto a un punto de apoyo estable.
2. Da un paso al frente manteniendo el contacto ligero con el apoyo.
3. Baja la rodilla trasera casi al suelo.
4. Empuja con la pierna delantera para volver, usando el apoyo solo como referencia de equilibrio. Repite y cambia de lado.

⚠️ Errores comunes
* Apoyarse con fuerza en vez de solo rozar el punto de apoyo.
* Pasos demasiado cortos.
* Rodilla delantera colapsando hacia dentro.",zancada-con-apoyo-asistida.png,Peso corporal,Principiante,Zancada / unilateral,"3 series de 10 repeticiones, 60 seg de descanso"
Sentadilla con apoyo (asistida),"Assisted squat, Sentadilla asistida con apoyo",Compuesto,Cuádriceps,Glúteos,Ambos,https://player.mediadelivery.net/play/713982/8d914e6d-322e-4502-866c-ba72b88bb187,"1. Sujeta un punto de apoyo estable con ambas manos.
2. Pies a la anchura de los hombros.
3. Baja en sentadilla usando el apoyo solo para el equilibrio.
4. Sube empujando con las piernas, no tirando de los brazos. Repite.

⚠️ Errores comunes
* Tirar del apoyo para subir (hace todo el trabajo el brazo).
* Usar un punto de apoyo inestable.
* No bajar lo suficiente por miedo a perder el equilibrio.",sentadilla-con-apoyo-asistida.png,"Peso corporal, TRX, Rack",Principiante,Dominante de rodilla,"3 series de 10 repeticiones, 60 seg de descanso"
Plancha con rodillas apoyadas,"Knee plank, Plancha de rodillas",Aislamiento,Core,"Glúteos, Hombros",Ambos,https://player.mediadelivery.net/play/713982/f0d2d413-97d9-4252-9573-bac7c6154ba4,"1. Apoya los antebrazos y las rodillas en el suelo, codos bajo los hombros.
2. Forma una línea recta desde la cabeza hasta las rodillas.
3. Aprieta el abdomen y mantén la posición.
4. Sostén el tiempo objetivo respirando con normalidad.

⚠️ Errores comunes
* Hundir la cadera.
* Subir demasiado el glúteo.
* Apoyar mal las rodillas (muy adelantadas).
* Aguantar la respiración.",plancha-con-rodillas-apoyadas.png,Peso corporal,Principiante,Anti-extensión,"3 series de 30 seg de trabajo, 60 seg de descanso"
Trote en el sitio,"Jogging in place, Carrera en el sitio",Cardio,Cuerpo completo,"Cuádriceps, Gemelos",Ambos,https://player.mediadelivery.net/play/713982/ded0af34-1a67-4d9f-91f2-85775bc709e4,"1. De pie, erguido, con los brazos relajados.
2. Empieza a trotar en el sitio con pasos cortos.
3. Eleva las rodillas a una altura moderada y cómoda.
4. Mantén el ritmo el tiempo objetivo.

⚠️ Errores comunes
* Aterrizar con fuerza sobre los talones.
* Rodillas que apenas se elevan (poco estímulo).
* Rigidez en los brazos.
* Ritmo demasiado lento para generar beneficio cardiovascular.",trote-en-el-sitio.png,Peso corporal,Principiante,Metabólico / cuerpo completo,"8-10 rondas de 30 seg de trabajo, 30 seg de descanso"
Caminar en cinta con inclinación,"Incline treadmill walk, Caminata inclinada",Cardio,Cuerpo completo,"Glúteos, Gemelos",Gimnasio,https://player.mediadelivery.net/play/713982/4b78ebea-8d16-492f-9756-8f65d761ece1,"1. Ajusta la inclinación de la cinta, empezando con 8-10% y progresando.
2. Camina a un ritmo firme sin correr.
3. Mantén la postura erguida sin agarrarte a las barras.
4. Sostén el ritmo durante el tiempo objetivo.

⚠️ Errores comunes
* Agarrarse a las barras (reduce el gasto energético real).
* Inclinarse hacia delante en exceso.
* Dar pasos demasiado cortos.
* Inclinación tan alta que obliga a agarrarse.",caminar-en-cinta-con-inclinacion.png,Máquina,Principiante,Metabólico / cuerpo completo,Continuo: 20-30 min a ritmo constante
Elíptica,"Elliptical trainer, Máquina elíptica",Cardio,Cuerpo completo,"Cuádriceps, Hombros",Gimnasio,https://player.mediadelivery.net/play/713982/5bb9a010-9b90-4b06-890a-14357064e54c,"1. Sube a los pedales y sujeta las asas.
2. Inicia el movimiento fluido de piernas en forma de elipse.
3. Deja que los brazos acompañen empujando y tirando de las asas.
4. Mantén el ritmo y ajusta la resistencia según la sesión.

⚠️ Errores comunes
* Apoyarse demasiado en las asas fijas en vez de mover las piernas.
* Encorvar la espalda.
* Movimiento entrecortado en vez de fluido.",eliptica.png,Máquina,Principiante,Metabólico / cuerpo completo,Continuo: 20-30 min a ritmo constante
Escaladora (stepmill),"Stair climber, StepMill, Escaladora de escalones",Cardio,Cuádriceps,"Glúteos, Gemelos",Gimnasio,https://player.mediadelivery.net/play/713982/ce433cbf-5f21-4446-931d-e1ddfb3cf730,"1. Sube a la máquina y ajusta la velocidad de inicio baja.
2. Apoya las manos ligeramente en las barandillas, sin cargar peso.
3. Sube los escalones con pasos completos, no de puntillas.
4. Mantén el torso erguido durante toda la sesión.

⚠️ Errores comunes
* Apoyarse con fuerza en las barandillas (reduce el trabajo real).
* Dar pasos cortos de puntillas.
* Inclinar demasiado el torso hacia delante.
* Velocidad demasiado alta desde el inicio.",escaladora-stepmill.png,Máquina,Intermedio,Metabólico / cuerpo completo,Continuo: 15-20 min a ritmo constante
Bicicleta estática,"Stationary bike, Spinning",Cardio,Cuádriceps,"Femorales / isquiosurales, Gemelos",Gimnasio,https://player.mediadelivery.net/play/713982/40710d37-6d13-4959-a0fc-0de7977da833,"1. Ajusta el sillín para que la pierna quede casi extendida en el punto más bajo.
2. Sujeta el manillar con los codos ligeramente flexionados.
3. Pedalea de forma fluida manteniendo la cadencia objetivo.
4. Ajusta la resistencia según el tipo de sesión (continua o intervalos).

⚠️ Errores comunes
* Sillín demasiado bajo o demasiado alto.
* Encorvar la espalda en exceso.
* Pedalear solo con la punta del pie.
* Resistencia tan baja que no genera estímulo real.",bicicleta-estatica.png,Máquina,Principiante,Metabólico / cuerpo completo,Continuo: 15-20 min a ritmo constante
Remo en máquina de cardio,"Rowing machine, Máquina de remo (ergómetro)",Cardio,Cuerpo completo,"Espalda, Cuádriceps",Gimnasio,https://player.mediadelivery.net/play/713982/fa7d2341-2a58-4b49-8304-3027c0e71608,"1. Fija los pies en los estribos y sujeta el agarre con los brazos extendidos.
2. Empuja primero con las piernas.
3. Cuando las piernas casi se extiendan, inclina el torso atrás y tira del agarre hacia el abdomen.
4. Vuelve invirtiendo el orden: brazos, torso, piernas. Repite.

⚠️ Errores comunes
* Tirar con los brazos antes de empujar con las piernas.
* Redondear la espalda.
* Mover solo los brazos sin usar las piernas.
* Encoger los hombros.",remo-en-maquina-de-cardio.png,Máquina,Intermedio,Metabólico / cuerpo completo,Continuo: 15-20 min a ritmo constante
Comba (salto de cuerda),"Jump rope, Saltar la cuerda",Cardio,Cuerpo completo,"Gemelos, Antebrazos",Ambos,https://player.mediadelivery.net/play/713982/e51a79df-969f-4f9d-9979-305d1a6247fa,"1. Coloca la cuerda detrás de los talones y sujeta las asas a la altura de la cadera.
2. Gira la cuerda principalmente con las muñecas, no con los brazos.
3. Salta lo justo para que la cuerda pase bajo los pies.
4. Aterriza suave sobre las puntas de los pies y mantén el ritmo.

⚠️ Errores comunes
* Saltar demasiado alto (desgasta antes de tiempo).
* Mover los brazos enteros en vez de las muñecas.
* Aterrizar sobre los talones.
* Mirar hacia los pies en vez de al frente.",comba-salto-de-cuerda.png,Cuerda de saltar,Principiante,Metabólico / cuerpo completo,"8-10 rondas de 30 seg de trabajo, 30 seg de descanso"
Subir escaleras,"Stair climbing, Subida de escaleras",Cardio,Cuádriceps,"Glúteos, Gemelos",Exterior,https://player.mediadelivery.net/play/713982/f09345e6-9167-4055-b399-ad39acb04063,"1. Sitúate al inicio de las escaleras con postura erguida.
2. Sube los escalones a un ritmo sostenido.
3. Usa el pasamanos solo como apoyo de seguridad, no para tirar del cuerpo.
4. Baja caminando (no corriendo) para cuidar las rodillas, y repite.

⚠️ Errores comunes
* Tirar del pasamanos para ayudarse.
* Bajar corriendo (mayor impacto articular).
* Dar pasos a medias sin apoyar bien el pie.
* Encorvar el torso hacia delante.",subir-escaleras.png,Peso corporal,Principiante,Metabólico / cuerpo completo,"Continuo: 10-15 min, o 8-10 rondas de subida/bajada"
Sprints (carrera de velocidad),"Sprints, Carrera de velocidad",Cardio,Cuerpo completo,"Cuádriceps, Femorales / isquiosurales",Exterior,https://player.mediadelivery.net/play/713982/d67e6d66-357f-4255-883c-64f8e0b90352,"1. Colócate en el punto de salida.
2. Acelera progresivamente hasta la máxima velocidad posible.
3. Mantén la máxima velocidad durante todo el tramo.
4. Desacelera de forma progresiva al terminar y camina para recuperar antes del siguiente sprint.

⚠️ Errores comunes
* No calentar lo suficiente antes (riesgo de lesión muscular).
* Frenar en seco al terminar.
* Tramos demasiado largos que no permiten mantener la máxima velocidad.
* Descansos insuficientes entre repeticiones.",sprints-carrera-de-velocidad.png,Peso corporal,Avanzado,Metabólico / cuerpo completo,"6-8 sprints de 15-20 seg, 60-90 seg de descanso"
Boxeo sombra,"Shadow boxing, Boxeo sin contacto",Cardio,Cuerpo completo,"Core, Hombros",Ambos,https://player.mediadelivery.net/play/713982/ef79409b-e8f3-40b3-81b5-72008f6548c5,"1. Colócate en guardia con los pies escalonados y los puños en alto.
2. Lanza combinaciones de golpes al aire con rotación de cadera.
3. Vuelve a la guardia después de cada golpe.
4. Combina con desplazamientos laterales y hacia delante/atrás.

⚠️ Errores comunes
* Bajar la guardia entre golpes.
* Extender el codo del todo (riesgo de hiperextensión).
* Golpear solo con el brazo sin rotar la cadera.
* Quedarse estático sin mover los pies.",boxeo-sombra.png,Peso corporal,Principiante,Metabólico / cuerpo completo,"8-10 rondas de 30 seg de trabajo, 30 seg de descanso"
Correr en cinta,"Treadmill running, Correr en caminadora",Cardio,Cuerpo completo,"Cuádriceps, Gemelos",Gimnasio,https://player.mediadelivery.net/play/713982/d32a8ef7-074f-4887-9444-06f8e1423ce3,"1. Sube a la cinta parada o a velocidad muy baja.
2. Aumenta la velocidad de forma progresiva hasta el ritmo objetivo.
3. Mantén una postura erguida sin agarrarte a las barras.
4. Reduce la velocidad de forma gradual al terminar, sin parar en seco.

⚠️ Errores comunes
* Agarrarse a las barras laterales o frontales.
* Mirar hacia abajo en vez de al frente.
* Dar zancadas demasiado largas.
* Parar de golpe sin bajar la velocidad de forma progresiva.",correr-en-cinta.png,Máquina,Principiante,Metabólico / cuerpo completo,Continuo: 15-20 min a ritmo constante
Curl femoral con banda elástica,"Banded hamstring curl, Curl femoral con banda tumbado",Aislamiento,Femorales / isquiosurales,Gemelos,Casa,https://player.mediadelivery.net/play/713982/06924311-2a5d-45e9-8e6e-a266f4945f1b,"1. Ancla la banda baja y engancha el otro extremo al tobillo, túmbate boca abajo.
2. Parte con la pierna extendida.
3. Flexiona la rodilla llevando el talón hacia el glúteo.
4. Extiende controlado de vuelta. Repite y cambia de lado.

⚠️ Errores comunes
* Elevar la cadera del suelo.
* Usar impulso.
* Recorrido corto.
* Anclaje de la banda inestable o mal sujeto.",curl-femoral-con-banda-elastica.png,Banda elástica,Principiante,Flexión de rodilla,"3 series de 10 repeticiones, 60 seg de descanso"
Sentadilla con banda (resistencia),"Banded squat, Sentadilla con resistencia de banda",Compuesto,Cuádriceps,Glúteos,Casa,https://player.mediadelivery.net/play/713982/bba2b729-07ef-43b8-9e32-6ea010e80927,"1. Pisa el centro de la banda y sujeta los extremos a la altura de los hombros.
2. Pies a la anchura de los hombros.
3. Baja en sentadilla manteniendo la tensión de la banda.
4. Empuja con los pies para subir. Repite.

⚠️ Errores comunes
* Rodillas colapsando hacia dentro.
* Perder la tensión de la banda en algún punto del recorrido.
* Despegar los talones del suelo.
* Rango insuficiente.",sentadilla-con-banda-resistencia.png,Banda elástica,Principiante,Dominante de rodilla,"3 series de 10 repeticiones, 60 seg de descanso"
Peso muerto con banda elástica,"Banded deadlift, Peso muerto rumano con banda",Compuesto,Femorales / isquiosurales,"Glúteos, Lumbares",Casa,https://player.mediadelivery.net/play/713982/eb8a73d0-7d5c-488e-9918-76e57e417924,"1. Pisa el centro de la banda y sujeta los extremos frente a los muslos.
2. Lleva la cadera hacia atrás bajando la banda pegada a las piernas.
3. Baja hasta sentir estiramiento en los femorales, sin redondear la espalda.
4. Sube empujando la cadera al frente. Repite.

⚠️ Errores comunes
* Redondear la espalda baja.
* Convertirlo en sentadilla (flexionar mucho las rodillas).
* Alejar la banda de las piernas.
* No llevar la cadera atrás al iniciar.",peso-muerto-con-banda-elastica.png,Banda elástica,Principiante,Bisagra de cadera,"3 series de 10 repeticiones, 60 seg de descanso"
Flexión pica,"Pike push-up, Flexión en V",Compuesto,Hombros,"Tríceps, Core",Ambos,https://player.mediadelivery.net/play/713982/7ffe19fb-6984-4e9d-a5b1-8341304e99c9,"1. Colócate en V invertida con las manos en el suelo y la cadera elevada.
2. Mantén las piernas casi extendidas.
3. Baja la cabeza hacia el suelo entre las manos flexionando los codos.
4. Empuja de vuelta arriba hasta extender los brazos. Repite.

⚠️ Errores comunes
* Perder la posición de V (la cadera baja y se vuelve una flexión normal).
* Llevar la cabeza hacia delante en vez de recto entre las manos.
* Abrir demasiado los codos.
* Rango insuficiente.",flexion-pica.png,Peso corporal,Intermedio,Empuje vertical,"3 series de 10 repeticiones, 60 seg de descanso"
Peso muerto a una pierna,"Single-leg RDL, Peso muerto rumano a una pierna",Compuesto,Glúteos,"Femorales / isquiosurales, Core",Ambos,https://player.mediadelivery.net/play/713982/979bc7ab-11c9-48b1-ba9c-2b109a818267,"1. Ponte de pie sobre una pierna sujetando una carga.
2. Inclina el torso hacia delante mientras la pierna libre se eleva hacia atrás.
3. Mantén la cadera cuadrada, sin rotar.
4. Vuelve a la posición inicial de forma controlada. Repite y cambia de lado.

⚠️ Errores comunes
* Rotar la cadera al bajar.
* Perder el equilibrio.
* Redondear la espalda.
* Doblar demasiado la rodilla de apoyo.",peso-muerto-a-una-pierna.png,"Mancuernas, Kettlebell",Intermedio,Bisagra de cadera,"3 series de 10 repeticiones, 60 seg de descanso"
Patada de glúteo en polea,"Cable kickback, Patada de glúteo en cable",Aislamiento,Glúteos,Femorales / isquiosurales,Gimnasio,https://player.mediadelivery.net/play/713982/1999a246-64d0-4ee8-a3fc-1b31460da400,"1. Engancha el tobillo al agarre de la polea baja.
2. Apoya las manos en el bastidor con el torso ligeramente inclinado.
3. Extiende la pierna hacia atrás y arriba apretando el glúteo.
4. Vuelve controlado sin dejar caer el peso. Repite y cambia de lado.

⚠️ Errores comunes
* Arquear la zona lumbar para ganar rango.
* Usar impulso balanceando la pierna.
* Torso demasiado erguido (pierde tensión en glúteo).
* Rodilla completamente rígida durante el movimiento.",patada-de-gluteo-en-polea.png,"Polea, Cable",Principiante,Extensión de cadera,"3 series de 10 repeticiones, 60 seg de descanso"
Patada de glúteo a cuatro puntos,"Donkey kick, Patada de burro",Aislamiento,Glúteos,Core,Ambos,https://player.mediadelivery.net/play/713982/df390fa8-430c-491c-824c-966ff30bf5bd,"1. Colócate en cuadrupedia con la espalda neutra.
2. Mantén la rodilla de trabajo flexionada a 90°.
3. Eleva esa pierna hacia atrás y arriba apretando el glúteo.
4. Baja controlado sin tocar el suelo del todo. Repite y cambia de lado.

⚠️ Errores comunes
* Arquear la zona lumbar.
* Rotar la cadera hacia un lado.
* Usar impulso en vez de control.
* Extender la rodilla durante el movimiento.",patada-de-gluteo-a-cuatro-puntos.png,"Peso corporal, Banda elástica",Principiante,Extensión de cadera,"3 series de 10 repeticiones, 60 seg de descanso"
Extensión de cadera en máquina,"Glute machine, Máquina de glúteo",Aislamiento,Glúteos,,Gimnasio,https://player.mediadelivery.net/play/713982/6244cf6b-0d97-4196-a812-2f68facab649,"1. Ajusta la máquina y coloca el pie de trabajo en la plataforma o el agarre.
2. Apoya el torso de forma estable.
3. Extiende la pierna hacia atrás apretando el glúteo.
4. Vuelve controlado. Repite y cambia de lado.

⚠️ Errores comunes
* Arquear la zona lumbar.
* Usar impulso.
* Rango incompleto.
* No apretar el glúteo al final del recorrido.",extension-de-cadera-en-maquina.png,Máquina,Principiante,Extensión de cadera,"3 series de 10 repeticiones, 60 seg de descanso"
Hiperextensión (45°),"Back extension, Hiperextensión 45 grados",Compuesto,Glúteos,"Lumbares, Femorales / isquiosurales",Gimnasio,https://player.mediadelivery.net/play/713982/fa197f0c-9c6b-4ff0-b13d-efd6d2f5d1f5,"1. Ajusta el banco y coloca la cadera sobre el borde del cojín, piernas fijadas.
2. Deja caer el torso hacia abajo con la espalda relajada.
3. Eleva el torso apretando el glúteo hasta alinearte con las piernas.
4. Baja controlado. Repite.

⚠️ Errores comunes
* Hiperextender la espalda subiendo más de la cuenta.
* Usar impulso.
* No apretar el glúteo arriba.
* Bajar demasiado rápido sin control.",hiperextension-45.png,"Banco, Máquina, Disco",Intermedio,Extensión de cadera,"3 series de 10 repeticiones, 60 seg de descanso"
Jalón de cadera en polea,"Cable pull-through, Jalón de cadera",Compuesto,Glúteos,Femorales / isquiosurales,Gimnasio,https://player.mediadelivery.net/play/713982/9e18ecd0-b371-4155-be33-147facab87e3,"1. Colócate de espaldas a la polea baja con la cuerda entre las piernas.
2. Inclina el torso hacia delante con la espalda recta, cadera atrás.
3. Extiende la cadera hasta quedar erguido, apretando el glúteo.
4. Vuelve a inclinar el torso de forma controlada. Repite.

⚠️ Errores comunes
* Doblar demasiado las rodillas (se vuelve sentadilla).
* Redondear la espalda.
* No completar la extensión de cadera arriba.
* Tirar con los brazos en vez de con la cadera.",jalon-de-cadera-en-polea.png,"Polea, Cable",Intermedio,Bisagra de cadera,"3 series de 10 repeticiones, 60 seg de descanso"
Caminata lateral con banda,"Monster walk, Lateral band walk",Aislamiento,Glúteos,Abductores,Casa,https://player.mediadelivery.net/play/713982/4237b87c-585e-4787-b72e-d273d8e14912,"1. Coloca la banda alrededor de los tobillos o las rodillas.
2. Ponte en ligera sentadilla con tensión en la banda.
3. Da un paso amplio hacia un lado sin perder la tensión.
4. Sigue con el otro pie y continúa varios pasos en la misma dirección.

⚠️ Errores comunes
* Perder la flexión de cadera y ponerse de pie.
* Dar pasos demasiado cortos perdiendo tensión.
* Dejar que las rodillas colapsen hacia dentro.
* Arrastrar el pie en vez de dar un paso claro.",caminata-lateral-con-banda.png,Banda elástica,Principiante,Aducción / abducción de cadera,"3 series de 10 repeticiones, 60 seg de descanso"
Rodillas al pecho,"High knees, Skipping",Cardio,Cuerpo completo,"Cuádriceps, Core",Ambos,https://player.mediadelivery.net/play/713982/d55d45ec-3824-4846-8d19-beea8dcf9dff,"1. De pie, erguido, con los brazos listos.
2. Eleva una rodilla hacia el pecho a la altura de la cadera.
3. Baja y eleva la otra rodilla de inmediato.
4. Mantén el ritmo alternando a la mayor velocidad controlada posible.

⚠️ Errores comunes
* Inclinar demasiado el torso hacia atrás.
* Apoyar el talón en vez de la punta del pie.
* Rodillas que no llegan a la altura de la cadera.
* Perder el ritmo.",rodillas-al-pecho.png,Peso corporal,Principiante,Metabólico / cuerpo completo,"8-10 rondas de 30 seg de trabajo, 30 seg de descanso"
Jalón al pecho con banda elástica,"Lat pulldown con banda, Jalón con banda",Compuesto,Espalda,Bíceps,Casa,https://player.mediadelivery.net/play/713982/ac0e7608-0be5-4dac-865c-9ef682539639,"1. Ancla la banda en alto y colócate de rodillas o sentado debajo.
2. Sujeta los extremos con agarre ancho, brazos extendidos.
3. Tira hacia la parte alta del pecho llevando los codos abajo.
4. Sube controlado. Repite.

⚠️ Errores comunes
* Tirar hacia atrás con el torso en vez de con los brazos.
* Encoger los hombros al tirar.
* Recorrido corto sin acercar la barra imaginaria al pecho.
* Anclaje demasiado bajo.",jalon-al-pecho-con-banda-elastica.png,Banda elástica,Principiante,Tirón vertical,"3 series de 10 repeticiones, 60 seg de descanso"
Plancha con toque de hombro,"Shoulder tap plank, Plank shoulder taps",Aislamiento,Core,"Hombros, Abdomen",Ambos,https://player.mediadelivery.net/play/713982/55689378-683b-4fa7-90d7-203a6a826e15,"1. Colócate en plancha alta con los pies algo separados.
2. Mantén el cuerpo en línea recta y el core activo.
3. Toca el hombro contrario con una mano sin rotar la cadera.
4. Alterna de mano de forma controlada.

⚠️ Errores comunes
* Rotar la cadera al tocar el hombro.
* Pies demasiado juntos (más inestabilidad de la cuenta).
* Ir demasiado rápido perdiendo el control.
* Hundir la cadera.",plancha-con-toque-de-hombro.png,Peso corporal,Intermedio,Anti-rotación,"3 series de 10 repeticiones, 60 seg de descanso"
Zancada lateral,"Lateral lunge, Side lunge",Compuesto,Cuádriceps,"Glúteos, Aductores",Ambos,https://player.mediadelivery.net/play/713982/c679a748-cee2-44da-ab3f-fe66c636a0b5,"1. Da un paso amplio hacia un lado.
2. Flexiona la rodilla de esa pierna llevando la cadera atrás, la otra pierna extendida.
3. Empuja con la pierna flexionada para volver al centro.
4. Repite hacia el otro lado.

⚠️ Errores comunes
* La rodilla de apoyo colapsando hacia dentro.
* Inclinar el torso en exceso.
* Dar un paso demasiado corto.
* Perder el equilibrio lateral.",zancada-lateral.png,"Peso corporal, Mancuernas, Kettlebell",Intermedio,Zancada / unilateral,"3 series de 10 repeticiones, 60 seg de descanso"
Sentadilla en multipower,"Smith machine squat, Sentadilla en Smith",Compuesto,Cuádriceps,Glúteos,Gimnasio,https://player.mediadelivery.net/play/713982/a4130208-6aa3-460c-a3b2-c3a3fa50a2c4,"1. Colócate bajo la barra guiada con los pies ligeramente adelantados.
2. Desengancha la barra girando las muñecas.
3. Baja en sentadilla hasta el paralelo.
4. Empuja con los pies para volver arriba. Repite.

⚠️ Errores comunes
* Pies demasiado cerca de la línea de la barra (fuerza a las rodillas).
* Rodillas colapsando hacia dentro.
* Rango insuficiente.
* Apoyarse en la barra para descansar entre repeticiones.",sentadilla-en-multipower.png,"Multipower, Disco",Principiante,Dominante de rodilla,"3 series de 10 repeticiones, 60 seg de descanso"
Extensión de tríceps sobre la cabeza con mancuerna,"Overhead triceps extension, French press de pie",Aislamiento,Tríceps,Antebrazos,Ambos,https://player.mediadelivery.net/play/713982/8cc6cbd2-4ceb-4419-a775-8f9d9666a376,"1. Sujeta la mancuerna con ambas manos por encima de la cabeza, brazos extendidos.
2. Flexiona los codos bajando la mancuerna detrás de la cabeza.
3. Mantén los codos apuntando arriba, sin abrirlos.
4. Extiende de nuevo. Repite.

⚠️ Errores comunes
* Abrir los codos hacia los lados.
* Mover los hombros en vez de solo el codo.
* Arquear la zona lumbar.
* Bajar demasiado rápido sin control.",extension-de-triceps-sobre-la-cabeza-con-mancuerna.png,"Mancuernas, Banco",Intermedio,Extensión de codo,"3 series de 10 repeticiones, 60 seg de descanso"
Press militar con banda elástica,"Overhead press con banda, Band shoulder press",Compuesto,Hombros,"Tríceps, Core",Casa,https://player.mediadelivery.net/play/713982/9feefa14-7903-4631-84c7-854a8d5ee255,"1. Pisa el centro de la banda y sujeta los extremos a la altura de los hombros.
2. Aprieta el core para fijar el tronco.
3. Empuja los brazos hacia arriba hasta casi extenderlos.
4. Baja controlado a los hombros. Repite.

⚠️ Errores comunes
* Arquear la zona lumbar al empujar.
* Empujar hacia delante en vez de recto.
* No extender del todo arriba.
* Pisar la banda de forma desigual.",press-militar-con-banda-elastica.png,Banda elástica,Principiante,Empuje vertical,"3 series de 10 repeticiones, 60 seg de descanso"
Abdominales completos,"Sit-up, Abdominal completo",Aislamiento,Abdomen,Psoas / flexores de cadera,Ambos,https://player.mediadelivery.net/play/713982/643c4266-deb7-4e28-b5ae-05bc9263b2cc,"1. Túmbate con las rodillas flexionadas y los pies apoyados.
2. Cruza los brazos sobre el pecho.
3. Eleva el tronco por completo hasta sentarte.
4. Baja controlado vértebra a vértebra. Repite.

⚠️ Errores comunes
* Tirar del cuello con las manos.
* Usar impulso de las piernas.
* Subir con un tirón brusco.
* No controlar la bajada.",abdominales-completos.png,Peso corporal,Principiante,Flexión de tronco,"3 series de 10 repeticiones, 60 seg de descanso"
Aperturas con banda elástica,"Band chest fly, Cristo con banda",Aislamiento,Pecho,Hombros,Casa,https://player.mediadelivery.net/play/713982/dfd7165f-0560-4ab3-a1c8-628dabe6f343,"1. Ancla la banda detrás a la altura del pecho.
2. Abre los brazos a los lados con los codos ligeramente flexionados.
3. Junta las manos al frente del pecho describiendo un arco.
4. Abre controlado de vuelta. Repite.

⚠️ Errores comunes
* Flexionar y extender los codos (se vuelve un press).
* Usar impulso del torso.
* Anclaje a una altura incorrecta.
* Abrir demasiado forzando el hombro.",aperturas-con-banda-elastica.png,Banda elástica,Principiante,Empuje horizontal,"3 series de 10 repeticiones, 60 seg de descanso"
Elevación de piernas colgado,"Hanging leg raise, Elevación de piernas en barra",Aislamiento,Abdomen,"Psoas / flexores de cadera, Antebrazos",Gimnasio,https://player.mediadelivery.net/play/713982/0f417ce8-8761-4635-a875-ebb6854f4b09,"1. Cuélgate de la barra con los brazos extendidos.
2. Aprieta el abdomen y evita balancearte.
3. Eleva las piernas hasta la horizontal o más.
4. Baja controlado sin impulso. Repite.

⚠️ Errores comunes
* Balancear el cuerpo con impulso.
* Flexionar solo la cadera sin controlar con el abdomen.
* No completar el rango.
* Encoger los hombros.",,"Barra, Rack",Avanzado,Flexión de tronco,"3 series de 10 repeticiones, 60 seg de descanso"
Flexiones diamante,"Diamond push-up, Flexión de tríceps",Compuesto,Tríceps,"Pecho, Hombros",Ambos,https://player.mediadelivery.net/play/713982/eb77e562-6671-40ee-9034-53402831e97f,"1. Coloca las manos juntas bajo el pecho formando un diamante.
2. Mantén el cuerpo recto y el abdomen activo.
3. Baja el pecho hacia las manos manteniendo los codos pegados al cuerpo.
4. Empuja hacia arriba hasta extender los brazos. Repite.

⚠️ Errores comunes
* Abrir los codos hacia los lados (pierde el énfasis en tríceps).
* Hundir la cadera.
* Bajar poco recorrido.
* Muñecas mal alineadas bajo el pecho.",flexiones-diamante.png,Peso corporal,Intermedio,Empuje horizontal,"3 series de 10 repeticiones, 60 seg de descanso"
Pájaros con banda elástica,"Reverse fly con banda, Band rear delt fly",Aislamiento,Hombros,"Trapecio, Espalda",Casa,https://player.mediadelivery.net/play/713982/b01e4788-5491-469f-a140-1e978be6dfda,"1. Ancla la banda al frente a la altura del pecho e inclina el torso con la espalda recta.
2. Sujeta los extremos con los brazos cruzados al frente.
3. Abre los brazos a los lados hasta la altura de los hombros.
4. Vuelve controlado. Repite.

⚠️ Errores comunes
* Usar impulso subiendo el torso.
* Convertirlo en remo (codos atrás).
* Tensión excesiva perdiendo la técnica.
* Juntar demasiado las escápulas.",pajaros-con-banda-elastica.png,Banda elástica,Principiante,Tirón horizontal,"3 series de 10 repeticiones, 60 seg de descanso"
Press de pecho con banda elástica,Band chest press,Compuesto,Pecho,"Tríceps, Hombros",Casa,https://player.mediadelivery.net/play/713982/ed149f55-45fc-4723-b2ed-adf8775df883,"1. Ancla la banda detrás a la altura del pecho.
2. Da un paso al frente y sujeta los extremos a la altura del pecho.
3. Empuja los brazos al frente hasta casi extenderlos.
4. Vuelve controlado. Repite.

⚠️ Errores comunes
* Encorvar los hombros al empujar.
* Usar impulso del torso.
* Extender los codos de golpe.
* Anclaje demasiado bajo o demasiado alto.",press-de-pecho-con-banda-elastica.png,Banda elástica,Principiante,Empuje horizontal,"3 series de 10 repeticiones, 60 seg de descanso"
Peso muerto sumo,Sumo deadlift,Compuesto,Femorales / isquiosurales,"Glúteos, Aductores",Ambos,https://player.mediadelivery.net/play/713982/8157ce8a-c77a-419d-a0c6-12308dda89d3,"1. Coloca los pies muy anchos con las punteras giradas hacia fuera.
2. Agarra la barra dentro de las piernas con la espalda recta.
3. Extiende cadera y rodillas a la vez llevando la barra pegada al cuerpo.
4. Baja controlado invirtiendo el patrón. Repite.

⚠️ Errores comunes
* Rodillas colapsando hacia dentro.
* Redondear la espalda baja.
* Dejar que la barra se aleje del cuerpo.
* No abrir suficiente la cadera al iniciar.",peso-muerto-sumo.png,"Barra, Disco",Intermedio,Bisagra de cadera,"3 series de 10 repeticiones, 60 seg de descanso"
Zancadas caminando,Walking lunges,Compuesto,Cuádriceps,"Glúteos, Femorales / isquiosurales",Ambos,https://player.mediadelivery.net/play/713982/1e5f21f6-83c0-49a3-b028-d62aa527ee80,"1. Da un paso largo al frente.
2. Baja la rodilla trasera casi al suelo, rodilla delantera a ~90°.
3. Empuja con la pierna delantera y lleva el pie trasero al frente para el siguiente paso.
4. Continúa avanzando alternando piernas.

⚠️ Errores comunes
* Pasos demasiado cortos (rodilla muy adelantada).
* Rodilla delantera colapsando hacia dentro.
* Inclinar el torso en exceso.
* Perder el equilibrio al avanzar.",zancadas-caminando.png,"Peso corporal, Mancuernas",Principiante,Zancada / unilateral,"3 series de 10 repeticiones, 60 seg de descanso"
Giro ruso (Russian twist),Giro de torso sentado,Aislamiento,Abdomen,Core,Ambos,https://player.mediadelivery.net/play/713982/e02965c7-a0c5-4f6d-a76b-849c0b35f1c0,"1. Siéntate con las rodillas flexionadas e inclina el torso atrás ~45°.
2. Sujeta un disco o junta las manos frente al abdomen.
3. Rota el torso llevando las manos hacia un lado.
4. Rota hacia el lado contrario de forma controlada. Repite.

⚠️ Errores comunes
* Mover solo los brazos sin rotar el torso.
* Redondear en exceso la espalda.
* Ir demasiado rápido perdiendo el control.
* Apoyar los pies para facilitar en exceso (si se busca más dificultad).",giro-ruso-russian-twist.png,"Peso corporal, Disco, Balón medicinal",Principiante,Flexión de tronco,"3 series de 10 repeticiones, 60 seg de descanso"
Dominadas asistidas,Assisted pull-up,Compuesto,Espalda,"Bíceps, Hombros",Gimnasio,https://player.mediadelivery.net/play/713982/a9a90a06-1c50-4f12-81fe-c87a8bda6e6b,"1. Engancha una banda a la barra y apoya la rodilla o el pie en el lazo.
2. Cuelga con los brazos extendidos y agarre prono.
3. Tira llevando los codos abajo hasta superar la barra con la barbilla.
4. Baja controlado. Repite.

⚠️ Errores comunes
* Balancearse con impulso.
* No completar el rango (medias repeticiones).
* Encoger los hombros.
* Apoyar demasiado peso en la banda perdiendo el estímulo.",dominadas-asistidas.png,"Barra, Banda elástica, Máquina",Principiante,Tirón vertical,"3 series de 10 repeticiones, 60 seg de descanso"
Press inclinado con barra,Incline bench press,Compuesto,Pecho,"Tríceps, Hombros",Ambos,https://player.mediadelivery.net/play/713982/51cf2b96-21ca-4262-a5ef-d347a69f8335,"1. Ajusta el banco a 30-45° y túmbate con los pies firmes en el suelo.
2. Saca la barra del rack con agarre algo más ancho que los hombros.
3. Baja controlada hasta rozar la parte alta del pecho.
4. Empuja hacia arriba hasta extender los brazos. Repite.

⚠️ Errores comunes
* Bajar la barra demasiado alta, hacia el cuello.
* Rebotar la barra en el pecho.
* Abrir los codos en exceso (90°).
* Arquear la espalda de forma excesiva.",press-inclinado-con-barra.png,"Barra, Banco, Rack, Disco",Intermedio,Empuje horizontal,"3 series de 10 repeticiones, 60 seg de descanso"
Curl de bíceps con banda elástica,Band bicep curl,Aislamiento,Bíceps,Antebrazos,Casa,https://player.mediadelivery.net/play/713982/d1a99bd7-2772-47de-b309-564858f6588b,"1. Pisa el centro de la banda y sujeta un extremo en cada mano.
2. Mantén los codos pegados al torso.
3. Flexiona los codos subiendo las manos hacia los hombros.
4. Baja controlado hasta extender los brazos. Repite.

⚠️ Errores comunes
* Balancear el torso para subir.
* Adelantar los codos.
* No extender del todo abajo.
* Pisar la banda de forma desigual con cada pie.",curl-de-biceps-con-banda-elastica.png,Banda elástica,Principiante,Flexión de codo,"3 series de 10 repeticiones, 60 seg de descanso"
Elevaciones laterales con banda,Band lateral raise,Aislamiento,Hombros,Trapecio,Casa,https://player.mediadelivery.net/play/713982/ee8af853-e6df-411c-b1db-55605618bf85,"1. Pisa el centro de la banda con ambos pies y sujeta un extremo en cada mano.
2. Eleva los brazos a los lados hasta la altura de los hombros.
3. Lidera el movimiento con los codos, no con las manos.
4. Baja controlado. Repite.

⚠️ Errores comunes
* Usar impulso del cuerpo.
* Subir por encima de la línea de los hombros.
* Girar las muñecas en exceso.
* Encoger los hombros hacia las orejas.",elevaciones-laterales-con-banda.png,Banda elástica,Principiante,Abducción de hombro,"3 series de 10 repeticiones, 60 seg de descanso"
Sentadilla con banda en rodillas (activación de glúteo),Banded squat activation,Aislamiento,Glúteos,"Abductores, Cuádriceps",Casa,https://player.mediadelivery.net/play/713982/de254ea2-bccc-491b-af72-3a0fa01b8617,"1. Coloca la banda alrededor de las rodillas y ponte de pie con tensión ligera.
2. Baja en sentadilla parcial.
3. Empuja las rodillas hacia fuera contra la banda durante todo el recorrido.
4. Sube manteniendo la tensión. Repite.

⚠️ Errores comunes
* Dejar que las rodillas colapsen hacia dentro.
* Buscar demasiado rango sacrificando la tensión.
* Inclinar el torso en exceso.
* Perder la tensión de la banda al final del recorrido.",sentadilla-con-banda-en-rodillas-activacion-de-gluteo.png,Banda elástica,Principiante,Dominante de rodilla,"3 series de 10 repeticiones, 60 seg de descanso"
Sentadilla frontal,Front squat,Compuesto,Cuádriceps,"Glúteos, Core",Gimnasio,https://player.mediadelivery.net/play/713982/3d9b78c4-9ecd-43d7-90e3-3247fb369abe,"1. Coloca la barra sobre los deltoides anteriores con los codos altos.
2. Pies a la anchura de los hombros.
3. Baja manteniendo el torso vertical y los codos arriba.
4. Empuja con los pies para subir. Repite.

⚠️ Errores comunes
* Dejar caer los codos (la barra se desliza hacia delante).
* Redondear la espalda.
* Despegar los talones del suelo.
* Inclinar demasiado el torso hacia delante.",sentadilla-frontal.png,"Barra, Rack, Disco",Intermedio,Dominante de rodilla,"3 series de 10 repeticiones, 60 seg de descanso"
Extensión de tríceps con banda elástica,"Band tricep extension, Band pushdown",Aislamiento,Tríceps,Antebrazos,Casa,https://player.mediadelivery.net/play/713982/093b7130-bea0-4005-a6b7-1922356ecaa5,"1. Ancla la banda en alto (puerta, barra) y colócate de frente con los codos pegados al torso.
2. Extiende los brazos hacia abajo hasta estirarlos del todo.
3. Aprieta el tríceps abajo un instante.
4. Sube controlado sin separar los codos. Repite.

⚠️ Errores comunes
* Separar los codos del torso.
* Usar impulso del cuerpo inclinándose.
* Recorrido corto sin extender del todo.
* Encoger los hombros.",extension-de-triceps-con-banda-elastica.png,Banda elástica,Principiante,Extensión de codo,"3 series de 10 repeticiones, 60 seg de descanso"
Press de pecho con mancuernas (banco plano),Dumbbell bench press,Compuesto,Pecho,"Tríceps, Hombros",Ambos,https://player.mediadelivery.net/play/713982/79ecf105-e442-4138-9b93-95eff1017d33,"1. Túmbate en el banco con una mancuerna en cada mano a la altura del pecho.
2. Codos a ~45° del torso.
3. Empuja las mancuernas hacia arriba hasta casi juntarlas.
4. Baja controlado a los lados del pecho. Repite.

⚠️ Errores comunes
* Arquear en exceso la zona lumbar.
* Chocar las mancuernas arriba con impulso.
* Flexionar las muñecas hacia atrás.
* Bajar descontrolado.",press-de-pecho-con-mancuernas-banco-plano.png,"Mancuernas, Banco",Principiante,Empuje horizontal,"3 series de 10 repeticiones, 60 seg de descanso"
Abdominales bicicleta,Bicycle crunch,Aislamiento,Abdomen,Core,Ambos,https://player.mediadelivery.net/play/713982/1e5b485b-ae8c-42fb-846d-23d003d1e393,"1. Túmbate boca arriba con las manos detrás de la cabeza y las rodillas a 90°.
2. Pega la zona lumbar al suelo.
3. Lleva un codo hacia la rodilla contraria mientras extiendes la otra pierna.
4. Alterna de forma controlada de lado a lado.

⚠️ Errores comunes
* Tirar del cuello con las manos.
* Ir demasiado rápido perdiendo el control.
* Despegar la zona lumbar del suelo.
* Recorrido corto sin rotar el tronco.",abdominales-bicicleta.png,Peso corporal,Principiante,Flexión de tronco,"3 series de 10 repeticiones, 60 seg de descanso"
Sentadilla con peso corporal,"Bodyweight squat, Air squat",Compuesto,Cuádriceps,"Glúteos, Femorales / isquiosurales",Ambos,https://player.mediadelivery.net/play/713982/dbf3bd79-94c0-4e4a-9083-4f5d21c4ff72,"1. Colócate de pie con los pies a la anchura de los hombros.
2. Extiende los brazos al frente para equilibrio.
3. Baja flexionando cadera y rodillas hasta el paralelo.
4. Empuja con los pies para volver arriba. Repite.

⚠️ Errores comunes
* Rodillas colapsando hacia dentro.
* Despegar los talones del suelo.
* Redondear la espalda baja.
* Rango insuficiente (cuarto de sentadilla).",sentadilla-con-peso-corporal.png,Peso corporal,Principiante,Dominante de rodilla,"3 series de 10 repeticiones, 60 seg de descanso"
Saltos de tijera (jumping jacks),Jumping jack,Cardio,Cuerpo completo,"Hombros, Gemelos",Ambos,https://player.mediadelivery.net/play/713982/0996e066-3813-4fd2-b0b9-7b924f047ab4,"1. De pie con los pies juntos y los brazos a los lados.
2. Salta abriendo las piernas y elevando los brazos por encima de la cabeza.
3. Salta de vuelta juntando piernas y bajando los brazos.
4. Repite a un ritmo constante.

⚠️ Errores comunes
* Aterrizar con las piernas rígidas.
* Ritmo descontrolado que rompe la coordinación.
* No completar el rango de los brazos.
* Aterrizar solo sobre los talones.",saltos-de-tijera-jumping-jacks.png,Peso corporal,Principiante,Metabólico / cuerpo completo,"8-10 rondas de 30 seg de trabajo, 30 seg de descanso"
Zancada búlgara,Bulgarian split squat,Compuesto,Cuádriceps,Glúteos,Ambos,https://player.mediadelivery.net/play/713982/767c0c6c-d998-4108-8181-ba8bbe474c69,"1. Apoya el empeine del pie trasero sobre un banco detrás de ti.
2. Da un paso adecuado al frente con el otro pie.
3. Baja la rodilla trasera casi al suelo, rodilla delantera a 90°.
4. Empuja con la pierna delantera para subir. Repite y cambia de lado.

⚠️ Errores comunes
* Pie delantero demasiado cerca del banco.
* Rodilla delantera colapsando hacia dentro.
* Apoyar demasiado peso en la pierna trasera.
* Inclinar el torso en exceso.",zancada-bulgara.png,"Banco, Mancuernas, Peso corporal",Intermedio,Zancada / unilateral,"3 series de 10 repeticiones, 60 seg de descanso"
Remo invertido,"Inverted row, Australian pull-up",Compuesto,Espalda,"Bíceps, Core",Ambos,https://player.mediadelivery.net/play/713982/aaa10ba4-98f4-4c10-90cc-a6e57ca16ae4,"1. Colócate bajo la barra con el cuerpo recto y los talones apoyados.
2. Sujeta la barra con agarre prono, brazos extendidos.
3. Tira del pecho hacia la barra llevando los codos atrás.
4. Baja controlado hasta extender los brazos. Repite.

⚠️ Errores comunes
* Hundir la cadera perdiendo la línea recta.
* Tirar solo con los brazos sin activar la espalda.
* Recorrido corto sin acercar el pecho.
* Encoger los hombros.",remo-invertido.png,"Barra, Rack, TRX",Principiante,Tirón horizontal,"3 series de 10 repeticiones, 60 seg de descanso"
Sentadilla con salto,Jump squat,Compuesto,Cuádriceps,"Glúteos, Gemelos",Ambos,https://player.mediadelivery.net/play/713982/02725e7d-7037-4f25-9b54-a286f1e086bc,"1. Parte en ligera sentadilla con los brazos atrás.
2. Impulsa hacia arriba con fuerza extendiendo cadera, rodillas y tobillos.
3. Sube los brazos durante el salto.
4. Aterriza suave volviendo a la sentadilla. Repite.

⚠️ Errores comunes
* Aterrizar rígido sin amortiguar.
* Rodillas hacia dentro al caer.
* Poco rango antes del salto.
* Perder el equilibrio al aterrizar.",sentadilla-con-salto.png,Peso corporal,Intermedio,Dominante de rodilla,"3 series de 10 repeticiones, 60 seg de descanso"
Mountain climbers (escaladores),Mountain climber,Cardio,Core,"Hombros, Cuádriceps",Ambos,https://player.mediadelivery.net/play/713982/0ceb7a01-6663-4214-ab99-45722373cae2,"1. Colócate en plancha alta con las manos bajo los hombros.
2. Mantén el cuerpo en línea y el core activo.
3. Lleva una rodilla hacia el pecho y vuelve, alternando rápido.
4. Mantén el ritmo el tiempo objetivo.

⚠️ Errores comunes
* Subir demasiado la cadera (perder la plancha).
* Rebotar con los hombros adelantados.
* Apoyar mal las manos.
* Perder la línea del cuerpo al acelerar.",mountain-climbers-escaladores.png,Peso corporal,Principiante,Metabólico / cuerpo completo,"8-10 rondas de 30 seg de trabajo, 30 seg de descanso"
Box jump (salto al cajón),Box jump,Cardio,Cuádriceps,"Glúteos, Gemelos",Ambos,https://player.mediadelivery.net/play/713982/11fcdb57-b445-4372-bbb1-90e4b2338ffe,"1. Colócate frente al cajn con una ligera flexión de rodillas.
2. Lleva los brazos atrás y salta de forma explosiva.
3. Aterriza sobre el cajn con suavidad, en ligera sentadilla.
4. Baja con control (mejor bajar caminando que saltando). Repite.

⚠️ Errores comunes
* Aterrizar con las rodillas hacia dentro.
* Caer rígido sin amortiguar.
* Elegir un cajn demasiado alto.
* Bajar saltando del cajn (mayor impacto).",box-jump-salto-al-cajon.jpg,Cajón/step,Intermedio,Metabólico / cuerpo completo,"3 series de 10 repeticiones, 60 seg de descanso"
Thrusters,"Thruster, Sentadilla con press",Cardio,Cuerpo completo,"Cuádriceps, Hombros, Glúteos",Ambos,https://player.mediadelivery.net/play/713982/891c7ac9-5102-44d3-ba04-47de73b61851,"1. Parte con las mancuernas a la altura de los hombros.
2. Baja en sentadilla hasta el paralelo.
3. Al subir, aprovecha el impulso para empujar las mancuernas por encima de la cabeza.
4. Baja las mancuernas a los hombros y repite.

⚠️ Errores comunes
* Arquear la lumbar al empujar arriba.
* Separar la sentadilla del press (perder la fluidez).
* No bajar lo suficiente en la sentadilla.
* Empujar las mancuernas hacia delante.",thrusters.png,"Mancuernas, Barra, Kettlebell",Intermedio,Metabólico / cuerpo completo,"3 series de 10 repeticiones, 60 seg de descanso"
Kettlebell swing,Balanceo de kettlebell,Cardio,Glúteos,"Femorales / isquiosurales, Core",Ambos,https://player.mediadelivery.net/play/713982/2a207bce-3a23-49c1-8e28-ff26dc0ccf41,"1. Parte en bisagra de cadera con la kettlebell entre los pies.
2. Balancea la kettlebell hacia atrás entre las piernas.
3. Empuja la cadera al frente con fuerza para impulsarla hasta el pecho.
4. Deja que baje de nuevo en bisagra. Repite.

⚠️ Errores comunes
* Hacer una sentadilla en vez de bisagra de cadera.
* Levantar la kettlebell con los brazos.
* Redondear la espalda.
* Hiperextender la lumbar arriba.",kettlebell-swing.png,Kettlebell,Intermedio,Bisagra de cadera,"3 series de 10 repeticiones, 60 seg de descanso"
Wall ball (lanzamiento a pared),Wall ball shot,Cardio,Cuerpo completo,"Cuádriceps, Glúteos, Hombros",Ambos,https://player.mediadelivery.net/play/713982/9719d384-f37a-44f5-b967-0268cfc2dcb9,"1. Sujeta el balón a la altura del pecho frente a la pared.
2. Baja en sentadilla hasta el paralelo.
3. Sube de forma explosiva y lanza el balón a un punto alto de la pared.
4. Recoge el balón y baja de nuevo en sentadilla. Repite.

⚠️ Errores comunes
* Lanzar solo con los brazos sin usar las piernas.
* No bajar lo suficiente en la sentadilla.
* Recibir el balón con los brazos rígidos.
* Redondear la espalda.",wall-ball-lanzamiento-a-pared.png,Balón medicinal,Intermedio,Metabólico / cuerpo completo,"3 series de 10 repeticiones, 60 seg de descanso"
Burpees,Burpee,Cardio,Cuerpo completo,"Cuádriceps, Pecho, Core",Ambos,,"1. Desde de pie, baja en cuclillas y apoya las manos en el suelo.
2. Lanza los pies atrás a posición de plancha (añade una flexión si quieres).
3. Recoge los pies de un salto hacia las manos.
4. Salta hacia arriba con los brazos extendidos. Repite.

⚠️ Errores comunes
* Hundir la cadera en la plancha.
* Caer del salto con las rodillas hacia dentro.
* Perder el control por ir demasiado rápido.
* Redondear la espalda al bajar.",burpees.png,Peso corporal,Intermedio,Metabólico / cuerpo completo,"3 series de 10 repeticiones, 60 seg de descanso"
Movilidad de cadera 90/90,90/90 hip mobility,Movilidad,Psoas / flexores de cadera,Glúteos,Ambos,https://player.mediadelivery.net/play/713982/49eba188-8c3a-43e9-9ba1-e013edd639b0,"1. Siéntate con una pierna delante y la otra al lado, ambas a 90°.
2. Mantén el torso erguido y el pecho alto.
3. Gira las rodillas hacia el otro lado controlando con la cadera.
4. Alterna lados de forma lenta y controlada.

⚠️ Errores comunes
* Redondear la espalda al rotar.
* Usar impulso en vez de control.
* Forzar el rango con dolor.
* Despegar demasiado los glteos perdiendo el control.",movilidad-de-cadera-90-90.png,Peso corporal,Principiante,Movilidad / control motor,2 series de 8-10 repeticiones por lado
Control escapular (wall slides),Wall slides,Movilidad,Trapecio,"Hombros, Manguito rotador",Ambos,https://player.mediadelivery.net/play/713982/d4dc252f-5300-4051-8302-3969b7e2da43,"1. Colócate de espaldas a la pared con espalda, brazos y manos en contacto.
2. Parte con los codos a 90° (posición de portero).
3. Desliza los brazos hacia arriba sin despegarlos de la pared.
4. Baja controlado a la posición inicial. Repite.

⚠️ Errores comunes
* Despegar la zona lumbar o las manos de la pared.
* Arquear la espalda para subir más.
* Encoger los hombros.
* Forzar el rango si no llega.",control-escapular-wall-slides.png,Peso corporal,Principiante,Movilidad / control motor,3 series de 10 repeticiones
Estiramiento de psoas (zancada),Hip flexor stretch,Movilidad,Psoas / flexores de cadera,Glúteos,Ambos,https://player.mediadelivery.net/play/713982/2148c763-5e31-4e37-9c6e-14378dbc3bbe,"1. Colócate en zancada con una rodilla en el suelo.
2. Mantén el torso erguido y el core activo.
3. Aprieta el glúteo y desplaza la cadera ligeramente al frente.
4. Mantén el estiramiento y cambia de lado.

⚠️ Errores comunes
* Arquear la zona lumbar en vez de apretar el glúteo.
* Inclinar el torso hacia delante.
* Forzar el estiramiento con dolor.
* No activar el glúteo (solo empujar la cadera).",estiramiento-de-psoas-zancada.png,Peso corporal,Principiante,Movilidad / control motor,30 seg de trabajo por lado
Extensión lumbar (superman),Superman,Movilidad,Lumbares,"Glúteos, Espalda",Ambos,https://player.mediadelivery.net/play/713982/c4267f57-00bf-4449-b8cc-70c5c1534595,"1. Túmbate boca abajo con brazos y piernas extendidos.
2. Eleva ligeramente tronco y piernas activando lumbares y glúteos.
3. Mantén la mirada al suelo (cuello neutro).
4. Baja controlado. Repite o mantén unos segundos.

⚠️ Errores comunes
* Hiperextender demasiado el cuello (mirar al frente).
* Subir con impulso de golpe.
* Elevar en exceso forzando la lumbar.
* Aguantar la respiración.",extension-lumbar-superman.png,Peso corporal,Principiante,Extensión lumbar,3 series de 10 repeticiones
Manguito rotador en polea,Cable external rotation,Movilidad,Manguito rotador,Hombros,Gimnasio,https://player.mediadelivery.net/play/713982/7df08ab4-f0b5-4f4b-83ce-e78a1e4e0777,"1. Colócate de lado a la polea con el codo flexionado a 90° y apoyado.
2. Parte con el antebrazo cruzado hacia el cuerpo.
3. Rota el antebrazo hacia fuera contra la resistencia.
4. Vuelve controlado. Repite y cambia de lado.

⚠️ Errores comunes
* Despegar o mover el codo.
* Usar demasiada carga.
* Extender el codo en vez de rotar.
* Compensar girando el torso.",manguito-rotador-en-polea.png,"Polea, Cable",Principiante,Rotación externa,3 series de 10 repeticiones
Rotación externa de hombro con banda,Band external rotation,Movilidad,Manguito rotador,Hombros,Casa,https://player.mediadelivery.net/play/713982/cbc00a76-1724-4e05-875f-dd30bd5a6626,"1. De pie, pega el codo al costado flexionado a 90°.
2. Sujeta la banda con el antebrazo cruzado hacia el ombligo.
3. Rota el antebrazo hacia fuera sin despegar el codo.
4. Vuelve controlado. Repite y cambia de lado.

⚠️ Errores comunes
* Despegar el codo del costado.
* Rotar el hombro entero en vez del antebrazo.
* Usar demasiada resistencia.
* Ir demasiado rápido.",rotacion-externa-de-hombro-con-banda.png,"Banda elástica, Polea, Mancuernas",Principiante,Rotación externa,3 series de 10 repeticiones
Movilidad de cuello,Neck mobility,Movilidad,Cuello,,Ambos,https://player.mediadelivery.net/play/713982/590b0627-5d1a-4680-b9f0-eb8a8592ab78,"1. Siéntate o pon de pie erguido con los hombros relajados.
2. Lleva la barbilla suavemente hacia el pecho y vuelve.
3. Inclina y rota la cabeza despacio en un rango cómodo.
4. Vuelve a la posición neutra entre cada movimiento.

⚠️ Errores comunes
* Hacer círculos completos bruscos del cuello.
* Forzar el rango con dolor.
* Encoger los hombros al mover el cuello.
* Ir demasiado rápido.",movilidad-de-cuello.png,Peso corporal,Principiante,Movilidad / control motor,1-2 series de 8-10 repeticiones lentas
Farmer carry (transporte de granjero),Farmer's walk,Compuesto,Core,"Antebrazos, Trapecio",Ambos,https://player.mediadelivery.net/play/713982/9283462d-9d6d-4bd5-8f2b-f64873622cdd,"1. Sujeta una carga pesada en cada mano con el core activo.
2. Mantén el pecho alto y los hombros bajos.
3. Camina con pasos cortos y controlados sin balancearte.
4. Termina dejando las cargas con control.

⚠️ Errores comunes
* Inclinarse hacia un lado (sobre todo en versión a una mano).
* Encoger los hombros.
* Dar pasos demasiado largos perdiendo el control.
* Redondear la espalda.",farmer-carry-transporte-de-granjero.png,"Mancuernas, Kettlebell",Principiante,Carga / transporte,"3 series de 30 seg de trabajo, 60 seg de descanso"
Rueda abdominal (ab wheel),Ab wheel rollout,Aislamiento,Core,"Abdomen, Espalda",Ambos,https://player.mediadelivery.net/play/713982/171b34ef-67a3-43a6-a70d-68219ade4570,"1. De rodillas, sujeta la rueda bajo los hombros con la espalda neutra.
2. Aprieta el core y desplaza la rueda al frente.
3. Llégate hasta donde puedas controlar sin hundir la cadera.
4. Vuelve tirando con el abdomen. Repite.

⚠️ Errores comunes
* Hundir la cadera y arquear la lumbar.
* Ir más lejos de lo que el core controla.
* Tirar con los brazos en vez del abdomen.
* Perder la posición neutra de la espalda.",rueda-abdominal-ab-wheel.png,Peso corporal,Avanzado,Anti-extensión,"3 series de 10 repeticiones, 60 seg de descanso"
Pallof press,Anti-rotación en polea,Aislamiento,Core,Glúteos,Ambos,https://player.mediadelivery.net/play/713982/3f837616-a450-4c05-9dfe-b957d3ddab98,"1. Colócate de lado a la polea, agarre cerca del esternn.
2. Aprieta el core y los glúteos.
3. Extiende los brazos al frente sin dejar que el torso rote.
4. Vuelve el agarre al pecho controlado. Repite y cambia de lado.

⚠️ Errores comunes
* Dejar que el torso rote hacia la polea.
* Mover la cadera o los pies.
* Usar los brazos en vez del core para resistir.
* Peso excesivo que vence la postura.",pallof-press.png,"Polea, Cable, Banda elástica",Intermedio,Anti-rotación,"3 series de 10 repeticiones, 60 seg de descanso"
Dead bug,Insecto muerto,Aislamiento,Core,,Ambos,https://player.mediadelivery.net/play/713982/821e6686-fd12-4ccb-9d92-000cda70a2f1,"1. Túmbate boca arriba con brazos al techo y rodillas a 90°.
2. Pega la zona lumbar al suelo.
3. Extiende un brazo y la pierna contraria hacia el suelo sin tocarlo.
4. Vuelve y alterna lados de forma controlada.

⚠️ Errores comunes
* Despegar la zona lumbar del suelo (arqueo).
* Ir demasiado rápido.
* Aguantar la respiración.
* Extender la pierna demasiado bajo perdiendo el control.",dead-bug.png,Peso corporal,Principiante,Anti-extensión,"3 series de 10 repeticiones, 60 seg de descanso"
Bird dog,Perro de caza,Aislamiento,Core,"Glúteos, Espalda",Ambos,https://player.mediadelivery.net/play/713982/2cd45885-2e29-4e58-be4d-24047d01927d,"1. Colócate en cuadrupedia con la espalda neutra.
2. Extiende a la vez un brazo y la pierna contraria.
3. Mantén la cadera y los hombros sin rotar.
4. Vuelve y alterna de forma controlada.

⚠️ Errores comunes
* Rotar la cadera al extender la pierna.
* Arquear o redondear la espalda.
* Subir la pierna por encima de la línea del torso.
* Ir demasiado rápido perdiendo el equilibrio.",bird-dog.png,Peso corporal,Principiante,Anti-rotación,"3 series de 10 repeticiones, 60 seg de descanso"
Plancha lateral,Side plank,Aislamiento,Core,"Glúteos, Hombros",Ambos,https://player.mediadelivery.net/play/713982/0f6cdf31-f288-4d5e-a3f1-05e82972a2e8,"1. Túmbate de lado apoyando el antebrazo, codo bajo el hombro.
2. Apila las piernas y los pies.
3. Eleva la cadera hasta formar una línea recta.
4. Mantén la posición y repite del otro lado.

⚠️ Errores comunes
* Dejar caer la cadera.
* Rotar el torso hacia el suelo.
* Colocar el codo por delante del hombro.
* Aguantar la respiración.",plancha-lateral.png,Peso corporal,Principiante,Anti-rotación,"3 series de 30 seg de trabajo, 60 seg de descanso"
Plancha,Plank,Aislamiento,Core,"Glúteos, Hombros",Ambos,https://player.mediadelivery.net/play/713982/7de503ac-e9a5-4790-bef4-fc90d8183275,"1. Apoya los antebrazos con los codos bajo los hombros.
2. Extiende las piernas apoyando las puntas de los pies.
3. Forma una línea recta apretando abdomen y glúteos.
4. Mantén la posición respirando con normalidad el tiempo objetivo.

⚠️ Errores comunes
* Hundir la cadera (perder la línea).
* Subir demasiado el glúteo.
* Aguantar la respiración.
* Adelantar la cabeza/cuello.",plancha.png,Peso corporal,Principiante,Anti-extensión,"3 series de 30 seg de trabajo, 60 seg de descanso"
Elevación de piernas,Leg raise,Aislamiento,Abdomen,Psoas / flexores de cadera,Ambos,https://player.mediadelivery.net/play/713982/a365718e-466a-449b-aa7d-4fb0b8e21057,"1. Túmbate con las piernas extendidas y la lumbar pegada al suelo.
2. Eleva las piernas controlando con el abdomen.
3. Sube hasta cerca de la vertical.
4. Baja controlado sin despegar la lumbar ni tocar el suelo. Repite.

⚠️ Errores comunes
* Despegar la zona lumbar al bajar las piernas.
* Usar impulso balanceando.
* Bajar más de lo que el core puede controlar.
* Flexionar el cuello tirando hacia arriba.",elevacion-de-piernas.png,Peso corporal,Intermedio,Flexión de tronco,"3 series de 10 repeticiones, 60 seg de descanso"
Hollow hold,Postura hueca,Aislamiento,Abdomen,Core,Ambos,https://player.mediadelivery.net/play/713982/97c14086-680d-4e20-b952-46d3fbe2ada6,"1. Túmbate boca arriba con brazos por detrás de la cabeza.
2. Pega la zona lumbar al suelo apretando el abdomen.
3. Eleva ligeramente brazos y piernas formando una posición hueca.
4. Mantén la posición el tiempo objetivo.

⚠️ Errores comunes
* Despegar la lumbar del suelo.
* Subir demasiado las piernas perdiendo tensión.
* Aguantar la respiración.
* Tensar el cuello tirando con los brazos.",hollow-hold.png,Peso corporal,Intermedio,Anti-extensión,"3 series de 30 seg de trabajo, 60 seg de descanso"
Puente de glúteo (glute bridge),Glute bridge,Compuesto,Glúteos,Femorales / isquiosurales,Ambos,https://player.mediadelivery.net/play/713982/5b47da9f-3751-4d7e-a2a1-5a9bcd1ee176,"1. Túmbate boca arriba con las rodillas flexionadas y los pies cerca de los glúteos.
2. Empuja con los talones elevando la cadera.
3. Sube hasta alinear rodillas, cadera y hombros.
4. Aprieta los glúteos arriba y baja controlado. Repite.

⚠️ Errores comunes
* Arquear la lumbar en vez de extender la cadera.
* Empujar con las puntas de los pies.
* Subir poco recorrido.
* Separar las rodillas hacia fuera.",puente-de-gluteo-glute-bridge.png,"Peso corporal, Disco, Banda elástica",Principiante,Extensión de cadera,"3 series de 10 repeticiones, 60 seg de descanso"
Prensa de pierna,Leg press,Compuesto,Cuádriceps,"Glúteos, Femorales / isquiosurales",Gimnasio,https://player.mediadelivery.net/play/713982/39c3845d-ea73-4351-8633-f8f2f4753201,"1. Siéntate con la espalda y la cadera bien apoyadas.
2. Coloca los pies en la plataforma a la anchura de los hombros.
3. Empuja hasta casi extender las piernas sin bloquear.
4. Baja controlado acercando las rodillas al pecho. Repite.

⚠️ Errores comunes
* Despegar la cadera o la zona lumbar del asiento.
* Bloquear las rodillas de golpe arriba.
* Bajar tan poco que no hay rango.
* Juntar las rodillas hacia dentro.",prensa-de-pierna.png,"Máquina, Disco",Principiante,Dominante de rodilla,"3 series de 10 repeticiones, 60 seg de descanso"
Tibial anterior (dorsiflexión),Tibialis raise,Aislamiento,Tibial anterior,,Ambos,https://player.mediadelivery.net/play/713982/026c25db-364e-4a23-ba47-5bab53f9ce44,"1. Apoya los talones en el suelo con una resistencia en el empeine.
2. Eleva las puntas de los pies hacia las espinillas.
3. Aprieta el tibial arriba un instante.
4. Baja controlado. Repite.

⚠️ Errores comunes
* Mover la rodilla en vez del tobillo.
* Recorrido corto.
* Usar impulso.
* Ir demasiado rápido.",tibial-anterior-dorsiflexion.png,"Peso corporal, Banda elástica, Disco",Principiante,Dorsiflexión,"3 series de 10 repeticiones, 60 seg de descanso"
Curl femoral tumbado,Lying leg curl,Aislamiento,Femorales / isquiosurales,Gemelos,Gimnasio,https://player.mediadelivery.net/play/713982/d3b88dcf-0cb9-4007-b72f-7d95e321212c,"1. Túmbate boca abajo con el rodillo sobre las pantorrillas.
2. Flexiona las rodillas llevando el rodillo hacia los glúteos.
3. Aprieta los femorales arriba.
4. Baja controlado hasta extender. Repite.

⚠️ Errores comunes
* Despegar la cadera del banco (usar impulso).
* Recorrido corto sin contraer.
* Bajar dejando caer el peso.
* Colocar mal el rodillo (muy alto o muy bajo).",curl-femoral-tumbado.png,Máquina,Principiante,Flexión de rodilla,"3 series de 10 repeticiones, 60 seg de descanso"
Step up (subida al cajón),Step-up,Compuesto,Cuádriceps,Glúteos,Ambos,https://player.mediadelivery.net/play/713982/347202f7-f444-4c53-993c-a6a114acd82c,"1. Apoya un pie completo sobre el cajn.
2. Empuja con esa pierna para subir, sin impulsarte con la de abajo.
3. Sube hasta quedar de pie sobre el cajn.
4. Baja controlado con la misma pierna. Repite y cambia de lado.

⚠️ Errores comunes
* Impulsarse con la pierna de abajo (rebote).
* Cajn demasiado alto que obliga a inclinarse.
* Dejar caer el cuerpo al bajar.
* Apoyar solo la puntera en el cajn.",step-up-subida-al-cajon.png,"Cajón/step, Mancuernas",Principiante,Zancada / unilateral,"3 series de 10 repeticiones, 60 seg de descanso"
Extensión de cuádriceps,Leg extension,Aislamiento,Cuádriceps,,Gimnasio,https://player.mediadelivery.net/play/713982/d6a1aba6-bac5-4056-a579-c62c434c4f7e,"1. Siéntate con la espalda apoyada y el rodillo sobre las espinillas.
2. Extiende las piernas hacia el frente elevando el rodillo.
3. Aprieta el cuádriceps arriba un instante.
4. Baja controlado sin dejar caer el peso. Repite.

⚠️ Errores comunes
* Usar impulso con la cadera.
* Bloquear bruscamente la rodilla con peso alto.
* Recorrido corto.
* Despegar la espalda del respaldo.",extension-de-cuadriceps.png,Máquina,Principiante,Dominante de rodilla,"3 series de 10 repeticiones, 60 seg de descanso"
Elevación de gemelos,Calf raise,Aislamiento,Gemelos,,Ambos,https://player.mediadelivery.net/play/713982/d5363e2a-3d23-4b1e-860a-a8baafa2ab6c,"1. Coloca las puntas de los pies en el escalón con los talones colgando.
2. Sube de puntillas elevando los talones al máximo.
3. Aprieta los gemelos arriba un instante.
4. Baja los talones por debajo para estirar. Repite.

⚠️ Errores comunes
* Recorrido corto sin estirar ni contraer del todo.
* Rebotar con impulso.
* Flexionar las rodillas (en la versión de pie).
* Ir demasiado rápido.",elevacion-de-gemelos.png,"Máquina, Mancuernas, Peso corporal",Principiante,Flexión plantar,"3 series de 10 repeticiones, 60 seg de descanso"
Hip thrust,Empuje de cadera,Compuesto,Glúteos,Femorales / isquiosurales,Ambos,https://player.mediadelivery.net/play/713982/4a39a48c-762e-4d7c-ba4a-1501ebaa661d,"1. Apoya la espalda alta en el banco y coloca la barra sobre la cadera.
2. Pies apoyados, rodillas flexionadas.
3. Empuja con los talones elevando la cadera hasta el paralelo.
4. Aprieta los glúteos arriba y baja controlado. Repite.

⚠️ Errores comunes
* Hiperextender la zona lumbar arriba (arquear de más).
* Empujar con la punta de los pies.
* No llegar a la extensión completa de cadera.
* Adelantar demasiado los pies (pasa a femoral).",hip-thrust.png,"Barra, Banco, Disco",Intermedio,Extensión de cadera,"3 series de 10 repeticiones, 60 seg de descanso"
Sentadilla con barra,"Barbell squat, Back squat",Compuesto,Cuádriceps,"Glúteos, Femorales / isquiosurales, Core",Gimnasio,https://player.mediadelivery.net/play/713982/902a39f7-1199-4f8d-b7fd-6f5286ed4307,"1. Coloca la barra en la espalda alta y saca pecho.
2. Pies a la anchura de los hombros, punteras algo abiertas.
3. Baja flexionando cadera y rodillas hasta el paralelo.
4. Empuja con los pies para volver arriba. Repite.

⚠️ Errores comunes
* Redondear la espalda baja.
* Despegar los talones del suelo.
* Juntar las rodillas hacia dentro.
* No bajar lo suficiente (cuarto de sentadilla).",sentadilla-con-barra.png,"Barra, Rack, Disco",Intermedio,Dominante de rodilla,"3 series de 10 repeticiones, 60 seg de descanso"
Peso muerto rumano,"Romanian deadlift, RDL",Compuesto,Femorales / isquiosurales,"Glúteos, Lumbares",Ambos,https://player.mediadelivery.net/play/713982/0d45bc1f-6a9e-4043-a6c0-4850e55ab069,"1. De pie, sujeta la barra frente a los muslos con la espalda recta.
2. Lleva la cadera hacia atrás bajando la barra pegada a las piernas.
3. Baja hasta sentir estiramiento en los femorales, sin redondear.
4. Sube empujando la cadera al frente. Repite.

⚠️ Errores comunes
* Redondear la espalda baja.
* Convertirlo en sentadilla (flexionar mucho las rodillas).
* Alejar la barra de las piernas.
* No llevar la cadera atrás (bajar solo con la espalda).",peso-muerto-rumano.png,"Barra, Mancuernas, Disco",Intermedio,Bisagra de cadera,"3 series de 10 repeticiones, 60 seg de descanso"
Curl predicador (Scott),Preacher curl,Aislamiento,Bíceps,Antebrazos,Gimnasio,https://player.mediadelivery.net/play/713982/170faf44-d000-4ad6-9ade-8853cc2220eb,"1. Apoya la parte posterior de los brazos en el cojn del predicador.
2. Sujeta la barra con agarre supino, brazos casi extendidos.
3. Sube la barra hacia los hombros sin despegar los brazos.
4. Baja controlado sin extender de golpe el codo. Repite.

⚠️ Errores comunes
* Extender el codo de golpe abajo (riesgo articular).
* Despegar los brazos del apoyo.
* Usar demasiado peso perdiendo el rango.
* Levantar los glteos del asiento.",curl-predicador-scott.png,"Barra, Banco, Máquina",Intermedio,Flexión de codo,"3 series de 10 repeticiones, 60 seg de descanso"
Extensión de tríceps en polea,"Tricep pushdown, Cable pushdown",Aislamiento,Tríceps,Antebrazos,Gimnasio,https://player.mediadelivery.net/play/713982/49401614-4e61-42af-9549-430fedc2bdc4,"1. De pie frente a la polea alta, sujeta el agarre con los codos pegados al torso.
2. Extiende los brazos hacia abajo hasta estirarlos del todo.
3. Aprieta el tríceps abajo un instante.
4. Sube controlado hasta los 90° sin separar los codos. Repite.

⚠️ Errores comunes
* Separar los codos del torso.
* Usar impulso del cuerpo inclinándose.
* Recorrido corto sin extender del todo.
* Encoger los hombros.",extension-de-triceps-en-polea.png,"Polea, Cable",Principiante,Extensión de codo,"3 series de 10 repeticiones, 60 seg de descanso"
Curl martillo,Hammer curl,Aislamiento,Bíceps,Antebrazos,Ambos,https://player.mediadelivery.net/play/713982/3533afee-231b-453d-95fb-ccdc3911bcac,"1. De pie, sujeta las mancuernas con las palmas enfrentadas.
2. Mantén los codos pegados al torso.
3. Sube las mancuernas hacia los hombros sin girar las muñecas.
4. Baja controlado hasta extender los brazos. Repite.

⚠️ Errores comunes
* Balancear el cuerpo para subir.
* Adelantar los codos.
* Girar la muñeca (deja de ser martillo).
* Recorrido corto sin extender abajo.",curl-martillo.png,Mancuernas,Principiante,Flexión de codo,"3 series de 10 repeticiones, 60 seg de descanso"
Patada de tríceps (kickback),Tricep kickback,Aislamiento,Tríceps,Hombros,Ambos,https://player.mediadelivery.net/play/713982/71dc59f5-e5eb-4c2d-8385-b992af5cd9f5,"1. Inclina el torso con la espalda recta y pega el brazo al costado.
2. Parte con el codo flexionado a 90°.
3. Extiende el brazo hacia atrás hasta quedar recto.
4. Vuelve controlado a 90°. Repite y cambia de lado.

⚠️ Errores comunes
* Mover el hombro/codo en vez de mantenerlo fijo.
* Usar impulso balanceando el brazo.
* No extender del todo al final.
* Redondear la espalda.",patada-de-triceps-kickback.png,Mancuernas,Principiante,Extensión de codo,"3 series de 10 repeticiones, 60 seg de descanso"
Curl inclinado con mancuernas,Incline dumbbell curl,Aislamiento,Bíceps,Antebrazos,Ambos,https://player.mediadelivery.net/play/713982/1e37e7cc-4d59-46b0-98c4-e4fa81ce516b,"1. Siéntate en banco inclinado con la espalda apoyada y los brazos colgando.
2. Mantén los codos quietos detrás de la línea del cuerpo.
3. Sube las mancuernas hacia los hombros.
4. Baja controlado hasta el estiramiento completo. Repite.

⚠️ Errores comunes
* Adelantar los codos al subir (pierde el estiramiento).
* Balancear las mancuernas con impulso.
* No bajar del todo.
* Despegar la espalda del respaldo.",curl-inclinado-con-mancuernas.png,"Mancuernas, Banco",Intermedio,Flexión de codo,"3 series de 10 repeticiones, 60 seg de descanso"
Curl de muñeca,Wrist curl,Aislamiento,Antebrazos,,Ambos,https://player.mediadelivery.net/play/713982/2e7b163d-3ba8-4140-b4fc-ed5b2420eac1,"1. Apoya los antebrazos con las palmas hacia arriba y las muñecas por fuera de las rodillas.
2. Deja caer la barra extendiendo las muñecas.
3. Flexiona las muñecas hacia arriba elevando la barra.
4. Baja controlado. Repite.

⚠️ Errores comunes
* Mover los antebrazos en vez de solo las muñecas.
* Recorrido corto sin estirar abajo.
* Usar demasiado peso.
* Apretar en exceso provocando molestia.",curl-de-muneca.png,"Barra, Mancuernas, Banco",Principiante,Flexión de muñeca,"3 series de 10 repeticiones, 60 seg de descanso"
Trabajo de agarre (farmer hold),Farmer's hold,Compuesto,Antebrazos,"Trapecio, Core",Ambos,https://player.mediadelivery.net/play/713982/5a3adfd2-b0ee-48f4-a23a-70e8d24958f3,"1. De pie, sujeta una carga pesada en cada mano con los brazos extendidos.
2. Mantén el pecho alto, los hombros bajos y el core activo.
3. Sostén la posición (o camina) el tiempo objetivo.
4. Deja las cargas con control al terminar.

⚠️ Errores comunes
* Encoger los hombros hacia las orejas.
* Redondear la espalda al sostener.
* Soltar la carga de golpe.
* Usar correas que anulan el trabajo de agarre.",trabajo-de-agarre-farmer-hold.png,"Mancuernas, Kettlebell",Principiante,Carga / transporte,"3 series de 30 seg de trabajo, 60 seg de descanso"
Fondos en banco (triceps dips),Bench dips,Aislamiento,Tríceps,"Hombros, Pecho",Ambos,https://player.mediadelivery.net/play/713982/5be81817-8a8e-4558-9711-f9a978a7b2fb,"1. Apoya las manos en el borde del banco detrás de ti, dedos al frente.
2. Suspende la cadera con los brazos extendidos.
3. Baja flexionando los codos hacia atrás hasta ~90°.
4. Empuja hacia arriba extendiendo los brazos. Repite.

⚠️ Errores comunes
* Bajar demasiado y estresar el hombro.
* Abrir los codos hacia los lados.
* Alejar la cadera del banco.
* Ayudarse en exceso con las piernas.",fondos-en-banco-triceps-dips.png,"Peso corporal, Banco",Principiante,Extensión de codo,"3 series de 10 repeticiones, 60 seg de descanso"
Pájaros (reverse fly con mancuernas),Bent-over rear delt fly,Aislamiento,Hombros,"Trapecio, Espalda",Ambos,https://player.mediadelivery.net/play/713982/68aa68af-dbe8-40cd-bb40-b60c319ea3df,"1. Inclina el torso hacia delante con la espalda recta.
2. Deja las mancuernas colgando con los codos algo flexionados.
3. Abre los brazos a los lados hasta la altura de los hombros.
4. Baja controlado sin usar impulso. Repite.

⚠️ Errores comunes
* Usar impulso subiendo el torso.
* Convertirlo en remo (codos hacia atrás).
* Juntar demasiado las escápulas (pasa a espalda).
* Peso excesivo perdiendo la técnica.",pajaros-reverse-fly-con-mancuernas.png,Mancuernas,Intermedio,Tirón horizontal,"3 series de 10 repeticiones, 60 seg de descanso"
Elevaciones frontales,Front raise,Aislamiento,Hombros,Pecho,Ambos,https://player.mediadelivery.net/play/713982/2f255b2d-3205-42ae-9a3b-e4bee38b08e7,"1. De pie, sujeta las mancuernas frente a los muslos.
2. Eleva un brazo al frente hasta la altura del hombro.
3. Mantén el codo casi recto y el torso quieto.
4. Baja controlado y alterna brazos (o sube ambos). Repite.

⚠️ Errores comunes
* Usar impulso balanceando el torso.
* Subir por encima del hombro innecesariamente.
* Arquear la lumbar.
* Peso excesivo que obliga a hacer trampa.",elevaciones-frontales.png,"Mancuernas, Disco",Principiante,Empuje vertical,"3 series de 10 repeticiones, 60 seg de descanso"
Reverse fly en máquina (peck deck inverso),Rear delt fly machine,Aislamiento,Hombros,Trapecio,Gimnasio,https://player.mediadelivery.net/play/713982/0f12e8e9-9eff-45eb-ab13-1e9d9dcf612f,"1. Siéntate de frente con el pecho apoyado y agarra las empuñaduras.
2. Abre los brazos hacia atrás describiendo un arco.
3. Llega a la línea de los hombros sin forzar.
4. Vuelve controlado al frente. Repite.

⚠️ Errores comunes
* Encoger los hombros al abrir.
* Flexionar mucho los codos (se vuelve remo).
* Usar demasiado peso con impulso.
* Recorrido corto sin contraer.",reverse-fly-en-maquina-peck-deck-inverso.png,Máquina,Principiante,Tirón horizontal,"3 series de 10 repeticiones, 60 seg de descanso"
Press de hombros en máquina,Shoulder press machine,Compuesto,Hombros,Tríceps,Gimnasio,https://player.mediadelivery.net/play/713982/ae1daf8c-4d16-4a51-881c-ab1d40f5aaa4,"1. Ajusta el asiento para que los agarres queden a la altura de los hombros.
2. Apoya la espalda y sujeta las empuñaduras.
3. Empuja hacia arriba hasta casi extender los brazos.
4. Baja controlado sin dejar caer el peso. Repite.

⚠️ Errores comunes
* Asiento mal ajustado (agarres muy altos/bajos).
* Despegar la espalda del respaldo.
* Bloquear los codos de golpe.
* Soltar la bajada sin control.",press-de-hombros-en-maquina.png,Máquina,Principiante,Empuje vertical,"3 series de 10 repeticiones, 60 seg de descanso"
Press Arnold,Arnold press,Compuesto,Hombros,Tríceps,Ambos,https://player.mediadelivery.net/play/713982/7360d748-0499-4d26-bc93-e42a7d37a789,"1. Siéntate con respaldo y sujeta las mancuernas frente a la cara, palmas hacia ti.
2. Empuja hacia arriba girando las palmas hasta que miren al frente.
3. Extiende casi del todo los brazos sobre la cabeza.
4. Baja invirtiendo el giro de forma controlada. Repite.

⚠️ Errores comunes
* Hacer el giro de forma brusca o descoordinada.
* Arquear la espalda contra el respaldo.
* Chocar las mancuernas arriba.
* Bajar demasiado rápido sin control.",press-arnold.png,"Mancuernas, Banco",Intermedio,Empuje vertical,"3 series de 10 repeticiones, 60 seg de descanso"
Face pull,Jalón facial,Aislamiento,Hombros,"Trapecio, Manguito rotador",Gimnasio,https://player.mediadelivery.net/play/713982/4ebc21d2-3b77-4e8c-83c1-086a31b1074f,"1. Coloca la polea a la altura de la cara y agarra la cuerda.
2. Tira hacia la cara separando los extremos de la cuerda.
3. Lleva los codos altos y las manos a los lados de la cabeza.
4. Vuelve controlado al frente. Repite.

⚠️ Errores comunes
* Usar demasiado peso y tirar con el cuerpo.
* Bajar los codos (se vuelve remo).
* No separar la cuerda al final.
* Encoger los hombros hacia las orejas.",face-pull.png,"Polea, Cable",Principiante,Rotación externa,"3 series de 10 repeticiones, 60 seg de descanso"
Press militar con barra,"Military press, Overhead press",Compuesto,Hombros,"Tríceps, Core",Ambos,https://player.mediadelivery.net/play/713982/6babe3cf-9b2b-4eef-b1da-cdb9a34d6b2d,"1. De pie, sujeta la barra a la altura de la clavícula, agarre algo más ancho que los hombros.
2. Aprieta abdomen y glúteos para fijar el tronco.
3. Empuja la barra recto hacia arriba, moviendo la cabeza ligeramente atrás y luego al centro.
4. Baja controlado hasta la clavícula. Repite.

⚠️ Errores comunes
* Arquear la zona lumbar para empujar (usar el core).
* Empujar la barra hacia delante en vez de recto.
* No bloquear arriba con la barra sobre la cabeza.
* Encoger los hombros sin completar el empuje.",press-militar-con-barra.png,"Barra, Disco",Intermedio,Empuje vertical,"3 series de 10 repeticiones, 60 seg de descanso"
Remo con mancuerna a una mano,One-arm dumbbell row,Compuesto,Espalda,Bíceps,Ambos,https://player.mediadelivery.net/play/713982/a3142152-88dd-43fa-b6ad-e02c1cb73621,"1. Apoya rodilla y mano del mismo lado en el banco, espalda recta.
2. Sujeta la mancuerna con el otro brazo extendido.
3. Tira de la mancuerna hacia la cadera llevando el codo atrás.
4. Baja controlado hasta estirar el brazo. Repite y cambia de lado.

⚠️ Errores comunes
* Rotar el torso para subir más peso.
* Tirar hacia el hombro en vez de la cadera.
* Redondear la espalda.
* Recorrido corto sin estirar abajo.",remo-con-mancuerna-a-una-mano.png,"Mancuernas, Banco",Principiante,Tirón horizontal,"3 series de 10 repeticiones, 60 seg de descanso"
Pull over con mancuerna,Dumbbell pullover,Aislamiento,Espalda,Pecho,Ambos,https://player.mediadelivery.net/play/713982/9d285e17-1a52-4903-a613-93e21f3effa6,"1. Túmbate sujetando una mancuerna con las dos manos sobre el pecho.
2. Mantén los codos ligeramente flexionados y fijos.
3. Lleva la mancuerna por detrás de la cabeza en arco hasta estirar.
4. Devuelve la mancuerna sobre el pecho. Repite.

⚠️ Errores comunes
* Flexionar y extender mucho los codos.
* Bajar demasiado y forzar el hombro.
* Despegar la zona lumbar en exceso.
* Usar peso excesivo perdiendo control.",pull-over-con-mancuerna.png,"Mancuernas, Banco",Intermedio,Tirón vertical,"3 series de 10 repeticiones, 60 seg de descanso"
Remo en máquina (pecho apoyado),Chest-supported row,Compuesto,Espalda,Bíceps,Gimnasio,https://player.mediadelivery.net/play/713982/8ffbf406-8ae5-4c84-af07-141b8c00d5bb,"1. Ajusta el asiento y apoya el pecho en el soporte.
2. Agarra las empuñaduras con los brazos extendidos.
3. Tira hacia el torso llevando los codos atrás y juntando escápulas.
4. Vuelve controlado al frente. Repite.

⚠️ Errores comunes
* Despegar el pecho del soporte con impulso.
* Encoger los hombros al tirar.
* Recorrido corto sin juntar escápulas.
* Soltar la vuelta sin control.",remo-en-maquina-pecho-apoyado.jpg,Máquina,Principiante,Tirón horizontal,"3 series de 10 repeticiones, 60 seg de descanso"
Encogimientos de hombros (shrugs),Shrugs,Aislamiento,Trapecio,Antebrazos,Ambos,https://player.mediadelivery.net/play/713982/8cdc6c87-fb3f-4a35-87b0-af50343306de,"1. De pie, sujeta la barra o mancuernas con los brazos extendidos.
2. Eleva los hombros recto hacia arriba, sin flexionar los codos.
3. Aprieta arriba un instante.
4. Baja controlado hasta estirar el trapecio. Repite.

⚠️ Errores comunes
* Rotar los hombros en círculos (no aporta y estresa).
* Flexionar los codos (se vuelve un remo).
* Usar impulso con las piernas.
* Recorrido corto sin estirar abajo.",encogimientos-de-hombros-shrugs.png,"Barra, Mancuernas, Disco",Principiante,Tirón vertical,"3 series de 10 repeticiones, 60 seg de descanso"
Remo con barra,Barbell row,Compuesto,Espalda,"Bíceps, Lumbares",Ambos,https://player.mediadelivery.net/play/713982/20bd338d-513e-4df7-9e8c-3f3745f1e4e1,"1. Haz bisagra de cadera inclinando el torso a ~45° con la espalda recta.
2. Sujeta la barra con agarre prono, brazos extendidos.
3. Tira de la barra hacia el abdomen llevando los codos atrás.
4. Baja controlado sin redondear la espalda. Repite.

⚠️ Errores comunes
* Redondear la espalda baja (riesgo lumbar).
* Usar impulso del torso subiendo y bajando.
* Tirar solo con los brazos.
* Levantar demasiado el torso (se vuelve casi vertical).",remo-con-barra.png,"Barra, Disco",Intermedio,Tirón horizontal,"3 series de 10 repeticiones, 60 seg de descanso"
Jalón al pecho,Lat pulldown,Compuesto,Espalda,Bíceps,Gimnasio,https://player.mediadelivery.net/play/713982/7c70cb03-997b-4591-84ad-fd36b8713e97,"1. Fija los muslos bajo el rodillo y agarra la barra algo más ancho que los hombros.
2. Saca pecho e inclina ligeramente el torso atrás.
3. Tira de la barra hacia la parte alta del pecho llevando los codos abajo.
4. Sube controlado hasta extender los brazos. Repite.

⚠️ Errores comunes
* Tirar la barra detrás de la nuca (riesgo de hombro).
* Usar demasiado impulso del torso.
* No bajar las escápulas antes de tirar.
* Recorrido corto sin estirar arriba.",jalon-al-pecho.jpg,"Polea, Máquina, Cable",Principiante,Tirón vertical,"3 series de 10 repeticiones, 60 seg de descanso"
Remo en polea baja (sentado),Seated cable row,Compuesto,Espalda,Bíceps,Gimnasio,https://player.mediadelivery.net/play/713982/0ffaabd0-41aa-4956-95af-5657c021c353,"1. Siéntate con los pies apoyados y rodillas algo flexionadas.
2. Sujeta el agarre con la espalda recta y los brazos extendidos.
3. Tira hacia el abdomen llevando los codos atrás.
4. Estira controlado al frente sin redondear la espalda. Repite.

⚠️ Errores comunes
* Balancear el torso adelante y atrás con impulso.
* Redondear la espalda al estirar.
* Encoger los hombros al tirar.
* Tirar demasiado alto (hacia el pecho en vez del abdomen).",remo-en-polea-baja-sentado.png,"Polea, Cable",Principiante,Tirón horizontal,"3 series de 10 repeticiones, 60 seg de descanso"
Fondos en paralelas,Parallel bar dips,Compuesto,Pecho,"Tríceps, Hombros",Gimnasio,https://player.mediadelivery.net/play/713982/3247b55f-ffa6-491a-aa69-1e73514e4b67,"1. Sube a las paralelas con los brazos extendidos.
2. Inclina ligeramente el torso hacia delante para implicar el pecho.
3. Baja controlado flexionando los codos hasta sentir estiramiento.
4. Empuja hacia arriba sin bloquear de golpe. Repite.

⚠️ Errores comunes
* Bajar demasiado y forzar el hombro.
* Mantener el torso totalmente vertical (pasa a tríceps).
* Balancear el cuerpo con impulso.
* Encoger los hombros hacia las orejas.",fondos-en-paralelas.jpg,"Peso corporal, Máquina",Avanzado,Empuje vertical,"3 series de 10 repeticiones, 60 seg de descanso"
Press de pecho en máquina,Chest press machine,Compuesto,Pecho,"Tríceps, Hombros",Gimnasio,https://player.mediadelivery.net/play/713982/eb72955f-c0a1-44ee-9ff1-1edbf73b8248,"1. Ajusta el asiento para que los agarres queden a la altura del pecho.
2. Apoya bien la espalda y agarra las empuñaduras.
3. Empuja al frente hasta casi extender los brazos.
4. Vuelve controlado sin dejar caer el peso. Repite.

⚠️ Errores comunes
* Asiento mal ajustado (agarres muy altos o bajos).
* Despegar la espalda del respaldo.
* Bloquear los codos de golpe.
* Soltar la fase de bajada sin control.",press-de-pecho-en-maquina.png,Máquina,Principiante,Empuje horizontal,"3 series de 10 repeticiones, 60 seg de descanso"
Press inclinado con mancuernas,Incline dumbbell press,Compuesto,Pecho,"Tríceps, Hombros",Ambos,https://player.mediadelivery.net/play/713982/2ee86761-29d8-4590-96a9-add402daa299,"1. Ajusta el banco a 30-45° y siéntate con la espalda apoyada.
2. Sube las mancuernas y extiende los brazos sobre el pecho alto.
3. Baja de forma controlada hasta sentir estiramiento en el pecho.
4. Empuja hacia arriba sin chocar las mancuernas con fuerza. Repite.

⚠️ Errores comunes
* Inclinar el banco demasiado (>45°): pasa a trabajar el hombro.
* Bajar sin control o demasiado rápido.
* Arquear excesivamente la espalda despegándola del banco.
* Juntar las mancuernas chocándolas arriba perdiendo tensión.",press-inclinado-con-mancuernas.png,"Mancuernas, Banco",Intermedio,Empuje horizontal,"3 series de 10 repeticiones, 60 seg de descanso"
Press declinado con barra,Decline bench press,Compuesto,Pecho,Tríceps,Gimnasio,https://player.mediadelivery.net/play/713982/07dc2795-4815-449f-b8d9-e75fd50d9f43,"1. Colócate en el banco declinado y fija las piernas en los soportes.
2. Agarra la barra algo más ancho que los hombros y sácala del rack.
3. Baja controlado hasta la parte baja del pecho.
4. Empuja hacia arriba hasta extender los brazos. Repite.

⚠️ Errores comunes
* Declinación excesiva que marea y dificulta el control.
* Bajar la barra demasiado alta (hacia el cuello).
* Rebotar la barra en el pecho.
* No fijar bien las piernas y resbalar.",press-declinado-con-barra.png,"Barra, Banco, Disco",Intermedio,Empuje horizontal,"3 series de 10 repeticiones, 60 seg de descanso"
Press de banca con barra,Bench press,Compuesto,Pecho,"Tríceps, Hombros",Ambos,https://player.mediadelivery.net/play/713982/4adb1147-b068-45ab-a100-cbeab278b49b,"1. Túmbate en el banco con los ojos bajo la barra y los pies bien apoyados.
2. Agarra la barra algo más ancho que los hombros y junta los omóplatos.
3. Saca la barra del soporte y llévala sobre el pecho con los brazos extendidos.
4. Baja la barra de forma controlada hasta tocar el pecho, manteniendo los codos a unos 45°.
5. Empuja hacia arriba con fuerza hasta extender los brazos. Repite.

⚠️ Errores comunes
* Abrir los codos a 90°: estresa el hombro. Mantenlos más pegados al torso.
* Rebotar la barra en el pecho: pierdes tensión y arriesgas lesión; baja con control.
* Despegar los glúteos del banco: resta estabilidad y es trampa. Mantén el contacto.
* Perder la retracción escapular: el pecho se «hunde» y trabaja de más el hombro.
* Muñecas dobladas hacia atrás: dolor y pérdida de fuerza; mantenlas firmes.",press-de-banca-con-barra.png,"Barra, Banco, Disco",Intermedio,Empuje horizontal,"3 series de 10 repeticiones, 60 seg de descanso"
